vgi_id,name,released,steam_id,slug,price,units_sold_vgi,reviews,followers,rating,genres,developers,publishers,publishers_type,revenue_vgi,tags,platforms,genre
731128,Atelier Yumia The Alchemist of Memories  the Envisioned Land,2025-03-21,3123410,atelier-yumia-the-alchemist-of-memories-the-envisioned-land,69.99,16650,555,18782,64.505,"Action, Adventure, RPG","KOEI TECMO GAMES CO., LTD.","KOEI TECMO GAMES CO., LTD.",AAA,932000,"['Action', 'Adventure', 'Singleplayer', 'RPG', 'Action RPG', 'Party-Based RPG', 'Hack and Slash', 'Crafting', 'Third-Person', 'Collectathon', 'Female Protagonist', 'Exploration', 'JRPG', 'Fantasy', 'Open World', 'Story Rich', 'Anime', 'Atmospheric', 'Great Soundtrack', 'Cute']","PC, PlayStation, Xbox, Nintendo",RPG
743106,Assassins Creed Shadows,2025-03-20,3159330,assassin’s-creed-shadows,69.99,175000,5849,47247,82.493,"Action, Adventure, RPG",Ubisoft,Ubisoft,AAA,9800000,"['Singleplayer', 'RPG', 'Ninja', 'Assassin', 'Action-Adventure', 'Action RPG', 'Historical', 'Third-Person', 'Cinematic', 'Parkour', 'Swordplay', 'Nonlinear', 'Female Protagonist', 'Stealth', 'Exploration', 'Open World', 'Story Rich', 'Atmospheric', 'Violent', 'Multiple Endings']","PC, PlayStation, Xbox",RPG
690290,BLEACH Rebirth of Souls,2025-03-20,1689620,bleach-rebirth-of-souls,59.99,80220,2674,28582,42.259,Action,TAMSOFT CORPORATION,Bandai Namco,AAA,3800000,"['Action', 'Singleplayer', 'Multiplayer', 'Drama', 'Fighting', 'Dark Fantasy', 'PvE', 'Comic Book', 'Swordplay', '3D Fighter', 'Combat', '3D', 'Story Rich', 'Anime', 'Great Soundtrack', 'PvP']","PC, PlayStation, Xbox",Fighting
717914,Wreckfest 2,2025-03-20,1203190,wreckfest-2,29.99,30420,1014,20641,74.458,Racing,Bugbear,THQ Nordic,AA,584000,"['Simulation', 'Singleplayer', 'Multiplayer', 'Automobile Sim', 'Racing', 'Driving', 'First-Person', 'Third-Person', 'Destruction', 'Combat Racing', 'Vehicular Combat', '3D', 'Physics', 'PvP', 'Realistic']","PC, PlayStation, Xbox",Racing
746851,WWE 2K25,2025-03-13,2878960,wwe-2k25,59.99,36360,1212,6065,63.119,"Simulation, Sports",Visual Concepts,2K,AAA,1700000,"['Simulation', 'Singleplayer', 'Multiplayer', 'Sports', 'Controller', 'Co-op', 'Fighting', 'Online Co-Op', 'Character Customization', 'Local Multiplayer', 'Local Co-Op', '3D Fighter', 'Wrestling', '3D', 'Sandbox', 'PvP', 'Realistic']","PC, PlayStation, Xbox",Sports
748865,Rise of the Ronin,2025-03-11,1340990,rise-of-the-ronin--1,49.99,123000,4085,25393,51.75,"Action, Adventure, RPG","KOEI TECMO GAMES CO., LTD.","KOEI TECMO GAMES CO., LTD.",AAA,4900000,"['Action', 'Adventure', 'Singleplayer', 'RPG', 'Gore', 'Action RPG', 'Souls-like', 'Co-op', 'Online Co-Op', 'Character Customization', 'Historical', 'Third-Person', 'Asynchronous Multiplayer', 'Swordplay', '3D', 'Open World', 'Violent', 'Multiple Endings']","PC, PlayStation",RPG
745663,Split Fiction,2025-03-06,2001120,split-fiction,49.99,2700000,49902,124000,98.01,"Action, Adventure",Hazelight Studios,Electronic Arts,AAA,109600000,"['Action', 'Adventure', 'Multiplayer', 'Action-Adventure', 'Co-op', 'Split Screen', 'Online Co-Op', 'Local Co-Op', 'Co-op Campaign', 'Female Protagonist', 'Fantasy', 'Sci-fi']","PC, PlayStation, Xbox",Action
621268,Carmen Sandiego,2025-03-04,2475300,carmen-sandiego,29.99,1020,34,2504,76.471,"Adventure, Strategy",Gameloft,Gameloft,AA,24474,"['Strategy', 'Adventure', 'Singleplayer', 'Education', 'Hacking', 'Time Management', 'Hidden Object', 'Investigation', 'Detective', '3D', 'Puzzle', 'Stealth', 'Exploration', 'Colorful']","PC, PlayStation, Xbox, Mobile, Nintendo",Adventure
723445,Monster Hunter Wilds,2025-02-28,2246340,monster-hunter-wilds,69.99,6100000,176000,457000,59.188,"Action, Adventure, RPG",Capcom,Capcom,AAA,343500000,"['Action', 'Adventure', 'Singleplayer', 'RPG', 'Underwater', 'Multiplayer', 'Action RPG', 'Souls-like', 'Co-op', 'Dragons', 'Online Co-Op', 'Character Customization', 'Third-Person', 'Dating Sim', 'Hunting', 'Fantasy', 'Open World', 'Atmospheric', 'Great Soundtrack', 'Cute']","PC, PlayStation, Xbox",RPG
747556,PGA TOUR 2K25,2025-02-28,2385530,pga-tour-2k25,69.99,41880,1396,3166,63.897,"Simulation, RPG, Sports",HB Studios,2K,AAA,2300000,"['Simulation', 'Singleplayer', 'RPG', 'Multiplayer', 'Sports', 'Gore', 'Co-op', 'Online Co-Op', 'Character Customization', 'Third-Person', 'Golf', 'Family Friendly', 'PvP', 'Realistic']","PC, PlayStation, Xbox",Sports
745661,YuGiOh EARLY DAYS COLLECTION,2025-02-27,3013550,yu-gi-oh!-early-days-collection,49.99,6540,218,5627,72.477,"Simulation, Strategy, RPG",Digital Eclipse,KONAMI,AA,262000,"['Strategy', 'Simulation', 'Singleplayer', 'RPG', 'Multiplayer', 'Trading Card Game', 'Deckbuilding', 'Card Battler', 'Card Game', 'Retro', 'Anime', 'Violent', 'PvP']","PC, Nintendo",Puzzle
735173,Like a Dragon Pirate Yakuza in Hawaii,2025-02-20,3061810,like-a-dragon-pirate-yakuza-in-hawaii,59.99,167000,5569,30816,91.65,"Action, Adventure, RPG",Ryu Ga Gotoku Studio,SEGA,AAA,8000000,"['Action', 'Adventure', 'RPG', 'Action-Adventure', 'Drama', 'Action RPG', 'Pirates', 'Naval Combat', 'Naval', 'Sailing', 'Character Customization', 'Hack and Slash', 'Third-Person', 'Cinematic', 'Swordplay', '3D', 'Exploration', 'JRPG', 'Fantasy', 'Funny']","PC, PlayStation, Xbox",Action
621354,Avowed,2025-02-18,2457220,avowed,69.99,250000,8340,104000,77.926,RPG,Obsidian Entertainment,Xbox Game Studios,AAA,14000000,"['Action', 'Adventure', 'Singleplayer', 'RPG', 'Choices Matter', 'Action RPG', 'First-Person', 'LGBTQ+', 'Character Customization', 'Third-Person', 'Magic', 'Combat', '3D', 'Fantasy', 'Open World', 'Story Rich', 'Atmospheric', 'Violent', 'Colorful', 'Mature']","PC, Xbox",RPG
736747,Tomb Raider IVVI Remastered,2025-02-14,2525380,tomb-raider-iv-vi-remastered,29.99,26130,871,10990,87.141,"Action, Adventure","Aspyr, Crystal Dynamics",Aspyr,AA,627000,"['Action', 'Adventure', 'Old School', 'Action-Adventure', 'Drama', 'Stylized', 'Puzzle Platformer', 'Mystery', 'Dark', 'Third-Person Shooter', 'Third-Person', 'Parkour', '3D Platformer', 'Precision Platformer', '3D', 'Platformer', 'Puzzle', 'Exploration', 'Retro', 'Atmospheric']","PC, PlayStation, Xbox, Nintendo",Action
750366,WARRIORS Abyss,2025-02-12,3178350,warriors-abyss,24.99,28020,934,7615,85.867,"Action, RPG","KOEI TECMO GAMES CO., LTD.","KOEI TECMO GAMES CO., LTD.",AAA,558000,"['Action', 'Singleplayer', 'RPG', 'Action RPG', 'Dark Fantasy', 'Historical', 'Hack and Slash', 'Third-Person', 'Action Roguelike', 'Martial Arts', '3D', 'Top-Down', 'Roguelike', 'Roguelite', 'Musou']","PC, PlayStation, Xbox, Nintendo",Action
688119,Sid Meiers Civilization VII,2025-02-10,1295660,sid-meier's-civilization-vii,69.99,980000,36969,215000,49.855,"Simulation, Strategy",Firaxis Games,2K,AAA,54900000,"['Strategy', 'Simulation', 'Singleplayer', 'Multiplayer', 'Economy', 'Turn-Based Tactics', 'Stylized', 'Hex Grid', 'War', 'Historical', 'Grand Strategy', 'Tactical', 'Turn-Based Strategy', 'Alternate History', 'Political Sim', 'Diplomacy', '4X', 'City Builder', 'PvP', 'Replay Value']","PC, PlayStation, Xbox, Nintendo",Strategy
737214,Marvels SpiderMan 2,2025-01-30,2651280,marvel-s-spider-man-2--1,59.99,476000,15859,60019,73.252,"Action, Adventure","Insomniac Games, Nixxes software",PlayStation Publishing LLC,AAA,22800000,"['Action', 'Adventure', 'Singleplayer', 'Multiplayer', 'Controller', 'Action-Adventure', ""Beat 'em up"", 'LGBTQ+', 'Third-Person', 'Political', 'Comic Book', 'Politics', 'Superhero', 'Stealth', 'Exploration', 'Open World', 'Story Rich', 'Atmospheric', 'Great Soundtrack']","PC, PlayStation",Action
631155,Sniper Elite Resistance,2025-01-30,2169200,sniper-elite-resistance,49.99,82200,2740,20550,69.015,"Action, Adventure",Rebellion,Rebellion,AA,3300000,"['Action', 'Adventure', 'Singleplayer', 'Multiplayer', 'Action-Adventure', 'Gore', 'Third-Person Shooter', 'War', 'Third-Person', 'World War II', 'Sniper', 'Stealth', 'Violent']","PC, PlayStation, Xbox",Action
688199,The Stone of Madness,2025-01-28,1309710,the-stone-of-madness,29.99,4320,144,7399,85.417,"Adventure, Strategy, RPG",The Game Kitchen,Tripwire Interactive,AA,96308,"['Strategy', 'Adventure', 'Singleplayer', 'RPG', 'Choices Matter', 'Hand-drawn', 'Medieval', 'Point & Click', 'Historical', 'Tactical', 'Psychological', 'Isometric', 'Strategy RPG', 'Tactical RPG', 'Female Protagonist', 'Puzzle', 'Stealth', 'Story Rich', 'Atmospheric', 'Difficult']","PC, PlayStation, Xbox, Nintendo",Strategy
733564,FINAL FANTASY VII REBIRTH,2025-01-23,2909400,final-fantasy-vii-rebirth,69.99,1100000,16686,58252,77.508,"Action, Adventure, RPG",Square Enix,Square Enix,AAA,47700000,"['Action', 'Adventure', 'Singleplayer', 'RPG', 'Action-Adventure', 'Drama', 'Action RPG', 'Party-Based RPG', 'Third-Person', 'Magic', 'Cinematic', 'Emotional', 'Spectacle fighter', 'JRPG', 'Fantasy', 'Open World', 'Story Rich', 'Anime', 'Atmospheric', 'Realistic']","PC, PlayStation",RPG
748487,NINJA GAIDEN 2 Black,2025-01-23,3287520,ninja-gaiden-2-black,49.99,69030,2301,20180,79.4,"Action, Adventure","KOEI TECMO GAMES CO., LTD.","KOEI TECMO GAMES CO., LTD.",AAA,2700000,"['Action', 'Adventure', 'Singleplayer', 'Ninja', 'Action-Adventure', 'Gore', 'Character Action Game', 'Hack and Slash', 'Third-Person', 'Swordplay', 'Spectacle fighter', 'Martial Arts', 'Combat', 'Difficult', 'Violent', 'Realistic', 'Sexual Content']","PC, PlayStation, Xbox",Action
727514,SYNDUALITY Echo of Ada,2025-01-23,1245480,synduality-echo-of-ada,39.99,69930,2331,26951,37.237,Action,Game Studio Inc.,Bandai Namco,AAA,2200000,"['Action', 'Multiplayer', 'Action-Adventure', 'Mechs', 'Third-Person Shooter', 'Character Customization', 'PvE', 'Dating Sim', 'Tactical', 'Looter Shooter', '3D', 'Female Protagonist', 'Survival', 'Shooter', 'Exploration', 'Sci-fi', 'Anime', 'Cute', 'PvP', 'Extraction Shooter']","PC, PlayStation, Xbox",Action
736658,STAR WARS Episode I Jedi Power Battles,2025-01-23,2443630,star-wars™-episode-i-jedi-power-battles™,19.99,7380,246,3847,77.642,"Action, Adventure, Casual",Aspyr,Aspyr,AA,116000,"['Action', 'Adventure', 'Old School', 'Singleplayer', 'Casual', 'Side Scroller', 'Controller', 'Action-Adventure', ""Beat 'em up"", 'Co-op', 'PvE', 'Hack and Slash', 'Third-Person', 'Combat', '3D', 'Arcade', 'Space', 'Sci-fi', 'Retro', 'Colorful']","PC, PlayStation, Xbox, Nintendo",Action
642862,DYNASTY WARRIORS ORIGINS,2025-01-17,2384580,dynasty-warriors-origins,69.99,686000,18292,74538,93.658,"Action, Strategy, RPG","KOEI TECMO GAMES CO., LTD.","KOEI TECMO GAMES CO., LTD.",AAA,38200000,"['Strategy', 'Action', 'Singleplayer', 'RPG', 'Controller', 'Action RPG', 'War', 'Historical', 'Hack and Slash', 'Third-Person', 'Dating Sim', 'Wargame', 'Tactical', 'Swordplay', 'Spectacle fighter', 'Martial Arts', '3D', 'Story Rich', 'Multiple Endings', 'Musou']","PC, PlayStation, Xbox",Action
635395,Assetto Corsa EVO,2025-01-16,3058630,assetto-corsa-evo,39.99,300000,10007,71378,70.92,"Simulation, Early Access, Sports, Racing",Kunos Simulazioni,505 GAMES,AA,8000000,"['Simulation', 'Singleplayer', 'Multiplayer', 'Sports', 'Automobile Sim', 'Racing', 'Controller', 'Driving', 'VR', 'First-Person', 'Artificial Intelligence', 'eSports', '3D Vision', 'TrackIR', 'Physics', 'Open World', 'Atmospheric', 'PvP', 'Realistic', 'Replay Value']",PC,Racing
735341,Tales of Graces f Remastered,2025-01-16,2530980,tales-of-graces-f-remastered,39.99,17130,571,7746,88.967,"Action, RPG","TOSE CO., LTD.",Bandai Namco,AAA,548000,"['Action', 'Adventure', 'Singleplayer', 'RPG', 'Controller', 'Action RPG', 'Co-op', '4 Player Local', 'Party-Based RPG', 'PvE', 'Local Multiplayer', 'Local Co-Op', 'JRPG', 'Fantasy', 'Story Rich', 'Anime', 'PvP']","PC, PlayStation, Xbox, Nintendo",RPG
734886,FREEDOM WARS Remastered,2025-01-09,3004100,freedom-wars-remastered,39.99,33990,1132,9829,67.314,Action,Dimps Corporation,Bandai Namco,AAA,1100000,"['Action', 'Singleplayer', 'Multiplayer', 'Action RPG', 'Co-op', 'Dark', 'Character Customization', 'PvE', 'War', 'Political', 'Dystopian ', 'Futuristic', '3D', 'JRPG', 'Anime', 'PvP']","PC, PlayStation, Nintendo",RPG
665383,FAIRY TAIL 2,2024-12-12,3002850,fairy-tail-2,59.99,5580,186,4570,65.591,"Action, RPG","KOEI TECMO GAMES CO., LTD.","KOEI TECMO GAMES CO., LTD.",AAA,268000,"['Action', 'Singleplayer', 'RPG', 'Demons', 'Action RPG', 'Party-Based RPG', 'War', 'Hack and Slash', 'Magic', 'Tactical', 'Emotional', 'Comic Book', 'Spectacle fighter', 'Tactical RPG', 'Foreign', '3D', 'JRPG', 'Fantasy', 'Anime', 'Cute']","PC, PlayStation, Nintendo",RPG
735418,Legacy of Kain Soul Reaver 12 Remastered,2024-12-10,2521380,legacy-of-kain™-soul-reaver-12-remastered,29.99,74970,2499,22092,90.676,"Action, Adventure","Aspyr, Crystal Dynamics",Aspyr,AA,1800000,"['Action', 'Adventure', 'Old School', 'Action-Adventure', 'Drama', 'Puzzle Platformer', 'Demons', 'Dark', 'Dark Fantasy', 'Hack and Slash', 'Third-Person', 'Magic', '3D Platformer', 'Combat', '3D', 'Platformer', 'Puzzle', 'Fantasy', 'Retro', 'Atmospheric']","PC, PlayStation, Xbox, Nintendo",Action
744218,Indiana Jones and the Great Circle,2024-12-09,2677660,indiana-jones-and-the-great-circle,69.99,385000,12822,90691,90.906,"Action, Adventure",Machine Games,Bethesda Softworks,AAA,21400000,"['Action', 'Adventure', 'Singleplayer', 'Action-Adventure', 'Immersive Sim', 'First-Person', 'Historical', 'Investigation', 'World War II', 'Political', '3D Platformer', 'Politics', '3D', 'Platformer', 'Puzzle', 'Stealth', 'Exploration', 'Open World', 'Story Rich', 'Realistic']","PC, PlayStation, Xbox",Action
707801,Path of Exile 2,2024-12-06,2694490,path-of-exile-2,29.99,5000000,138000,329000,80.145,"Action, Adventure, Early Access, RPG, MMO",Grinding Gear Games,Grinding Gear Games,AA,119400000,"['Action', 'Adventure', 'Inventory Management', 'Free to Play', 'Early Access', 'RPG', 'Multiplayer', 'Action RPG', 'Souls-like', 'Dungeon Crawler', 'Dark', 'MMORPG', 'Online Co-Op', 'Loot', 'Dark Fantasy', 'Character Customization', 'Hack and Slash', 'Crafting', 'Isometric', 'Horror']","PC, PlayStation, Xbox",RPG
733969,Star Wars Outlaws,2024-11-21,2842040,star-wars-outlaws,69.99,108000,3598,31742,73.541,"Action, Adventure",Ubisoft,Ubisoft,AAA,4500000,"['Action', 'Adventure', 'Singleplayer', 'RPG', 'Choices Matter', 'Action-Adventure', 'Third-Person Shooter', 'Third-Person', 'Minigames', 'Parkour', 'Soundtrack', 'Heist', 'Female Protagonist', 'Shooter', 'Exploration', 'Open World', 'Story Rich', 'Space', 'Sci-fi', 'Atmospheric']","PC, PlayStation, Xbox",Action
735565,Microsoft Flight Simulator 2024,2024-11-19,2537590,microsoft-flight-simulator-2024,69.99,369000,12304,35360,45.53,Simulation,Asobo Studio,Xbox Game Studios,AAA,20700000,"['Simulation', 'Singleplayer', 'Multiplayer', 'Nature', 'Immersive Sim', 'VR', 'Psychological Horror', 'Flight', 'Character Customization', 'Nonlinear', 'Exploration', 'Physics', 'Relaxing', 'Open World', 'Sandbox', 'Atmospheric', 'Family Friendly', 'Colorful', 'Realistic', 'Hobby Sim']","PC, Xbox",Simulation
694145,DRAGON QUEST III HD2D Remake,2024-11-14,2701660,dragon-quest-iii-hd-2d-remake,59.99,106000,3547,28081,74.457,RPG,"Artdink, Square Enix",Square Enix,AAA,5100000,"['Old School', 'Singleplayer', 'RPG', '2.5D', '1980s', 'Turn-Based Combat', 'Party-Based RPG', 'Remake', 'Emotional', 'Lore-Rich', 'Combat', 'Nostalgia', 'Pixel Graphics', 'Turn-Based', 'JRPG', 'Fantasy', 'Story Rich', 'Atmospheric', 'Cute', 'Colorful']","PC, PlayStation, Xbox, Nintendo",RPG
692799,LEGO Horizon Adventures,2024-11-14,2428810,lego-horizon-adventures,59.99,12000,400,8273,60.25,"Action, Adventure","Guerrilla Games, Studio Gobo",PlayStation Publishing LLC,AAA,554000,"['Action', 'Adventure', 'Singleplayer', 'Robots', 'Action-Adventure', 'Co-op', 'Online Co-Op', 'Character Customization', 'Crafting', 'Third-Person', '3D Platformer', 'Local Co-Op', 'Co-op Campaign', 'Precision Platformer', 'Combat', 'LEGO', '3D', 'Female Protagonist', 'Comedy', 'Funny']","PC, PlayStation, Nintendo",Action
720977,Goat Simulator Remastered,2024-11-07,1762930,goat-simulator-remastered,29.99,14460,482,4539,82.988,"Adventure, Simulation, Casual","Coffee Stain North, Coffee Stain Studios, Deep Silver Fishlabs",Coffee Stain Publishing,AA,338000,"['Adventure', 'Simulation', 'Singleplayer', 'Casual', 'Action-Adventure', 'Character Customization', '3D', 'Cartoony', 'Exploration', 'Physics', 'Open World', 'Comedy', 'Sandbox', 'Funny', 'Family Friendly', 'Colorful']","PC, PlayStation, Xbox",Arcade
620224,Planet Coaster 2,2024-11-06,2688950,planet-coaster-2,49.99,249000,8316,42989,62.278,"Simulation, Strategy",Frontier Developments,Frontier Developments,AA,9700000,"['Strategy', 'Simulation', 'Singleplayer', 'Multiplayer', 'Economy', 'Online Co-Op', 'Asynchronous Multiplayer', 'God Game', '3D', 'Building', 'City Builder', 'Management', 'Relaxing', 'Sandbox', 'Funny', 'Atmospheric', 'Family Friendly', 'Colorful', 'Realistic']","PC, PlayStation, Xbox",Strategy
738094,DEATH NOTE Killer Within,2024-11-05,2213190,death-note-killer-within,9.99,57690,1923,10309,88.82,"Strategy, Casual",Grounding Inc.,Bandai Namco,AAA,449000,"['Strategy', 'Casual', 'Multiplayer', 'Immersive Sim', 'Dark', 'Character Customization', 'Tactical', 'Psychological', 'Noir', 'Word Game', 'Social Deduction', 'Top-Down', 'Survival', 'Anime', 'PvP']","PC, PlayStation",Party
708671,Farmagia,2024-11-01,2508770,farmagia,49.99,2100,70,3401,67.143,"Action, RPG",Marvelous Inc.,"Marvelous Europe, Marvelous USA, Inc., XSEED Games","AA, Indie",82069,"['Action', 'Adventure', 'Singleplayer', 'RPG', 'Stylized', 'Action RPG', 'PvE', 'Magic', 'Strategy RPG', 'Lore-Rich', 'Combat', 'Farming Sim', 'Creature Collector', 'Cartoony', 'JRPG', 'Resource Management', 'Fantasy', 'Story Rich', 'Anime', 'Colorful']","PC, PlayStation, Nintendo",RPG
721401,Dragon Age The Veilguard,2024-10-31,1845910,dragon-age-the-veilguard,59.99,1200000,38748,97878,69.792,"Action, Adventure, Strategy, RPG",BioWare,Electronic Arts,AAA,53500000,"['Strategy', 'Action', 'Adventure', 'Singleplayer', 'RPG', 'Choices Matter', 'Turn-Based Tactics', 'Action RPG', 'CRPG', 'Dragons', 'LGBTQ+', 'Character Customization', 'Third-Person', 'Magic', 'Lore-Rich', 'Politics', 'Romance', 'Fantasy', 'Story Rich', 'Multiple Endings']","PC, PlayStation, Xbox",RPG
736207,Horizon Zero Dawn Remastered,2024-10-31,2561580,horizon-zero-dawn-remastered,49.99,88860,2962,10572,79.541,"Action, Adventure, RPG","Guerrilla Games, Nixxes software",PlayStation Publishing LLC,AAA,3500000,"['Action', 'Adventure', 'Singleplayer', 'RPG', 'Nature', 'Action-Adventure', 'Mechs', 'LGBTQ+', 'Artificial Intelligence', 'Crafting', 'Third-Person', 'Futuristic', 'Post-apocalyptic', 'Emotional', 'Combat', 'Female Protagonist', 'Stealth', 'Open World', 'Story Rich', 'Sci-fi']","PC, PlayStation",Action
721565,Life is Strange Double Exposure,2024-10-29,1874000,life-is-strange-double-exposure,49.99,214000,7145,29920,68.845,"Action, Adventure",Deck Nine Games,Square Enix,AAA,8300000,"['Action', 'Adventure', 'Singleplayer', 'Choose Your Own Adventure', 'Choices Matter', 'Drama', 'Stylized', 'Mystery', 'LGBTQ+', 'Third-Person', 'Cinematic', 'Emotional', 'Supernatural', 'Romance', 'Narrative', 'Female Protagonist', 'Story Rich', 'Atmospheric', 'Great Soundtrack', 'Multiple Endings']","PC, PlayStation, Xbox, Nintendo",Adventure
677007,REDACTED,2024-10-28,2229940,redacted,24.99,8280,275,3580,86.545,Action,Striking Distance Studios,"KRAFTON, Inc.",AA,157000,"['Action', 'Top-Down Shooter', 'Controller', 'Action-Adventure', 'Dark Humor', 'Stylized', 'Dungeon Crawler', 'Hack and Slash', 'Action Roguelike', 'Comic Book', 'Dark Comedy', 'Isometric', '3D', 'Survival', 'Roguelike', 'Shooter', 'Roguelite', 'Comedy', 'Sci-fi', 'Difficult']","PC, PlayStation, Xbox",Action
643511,SONIC X SHADOW GENERATIONS,2024-10-25,2513280,sonic-x-shadow-generations,49.99,359000,11964,29457,97.484,Action,Sonic Team,SEGA,AAA,13600000,"['Action', 'Adventure', 'Singleplayer', 'Score Attack', 'Psychological Horror', '2D Platformer', '3D Platformer', 'Soundtrack', 'Romance', 'Quick-Time Events', '2D', '3D', 'Cartoony', 'Platformer', 'Linear', 'Great Soundtrack', 'Family Friendly', 'Colorful', 'Fast-Paced', 'Replay Value']","PC, PlayStation, Xbox, Nintendo",Arcade
692948,Romancing SaGa 2 Revenge of the Seven,2024-10-24,2455640,romancing-saga-2-revenge-of-the-seven,49.99,106000,3538,21712,94.658,RPG,"Square Enix, xeen Inc.",Square Enix,AAA,4100000,"['Singleplayer', 'RPG', 'Choices Matter', 'Controller', 'Medieval', 'Party-Based RPG', 'Third-Person', 'Remake', 'Emotional', 'Tactical RPG', 'Lore-Rich', ""1990's"", 'Romance', 'Class-Based', '3D', 'Turn-Based', 'JRPG', 'Fantasy', 'Story Rich', 'Anime']","PC, PlayStation, Nintendo",RPG
733391,Assassins Creed Mirage,2024-10-17,3035570,assassin-s-creed-mirage,49.99,195000,6487,27220,75.027,"Action, Adventure",Ubisoft,Ubisoft,AAA,5300000,"['Action', 'Adventure', 'Singleplayer', 'RPG', 'Assassin', 'Action-Adventure', 'Action RPG', 'Historical', 'Third-Person', 'Parkour', 'Stealth', 'Open World', 'Story Rich', 'Atmospheric', 'Violent']","PC, PlayStation, Xbox, Mobile",Action
642051,A Quiet Place The Road Ahead,2024-10-17,2233120,a-quiet-place-the-road-ahead,29.99,51690,1723,16475,76.611,"Action, Adventure",Stormind Games,Saber Interactive,AA,1200000,"['Action', 'Adventure', 'Multiplayer', 'Aliens', 'Silent Protagonist', 'Drama', 'First-Person', 'Thriller', 'Survival Horror', 'Cinematic', 'Walking Simulator', 'Post-apocalyptic', 'Emotional', 'Female Protagonist', 'Puzzle', 'Stealth', 'Linear', 'Story Rich', 'Atmospheric', 'Horror']","PC, PlayStation, Xbox",Adventure
689126,Unknown 9 Awakening,2024-10-17,1477940,unknown-9-awakening,49.99,21270,709,8992,32.44,"Action, Adventure",Reflector Entertainment Ltd.,Bandai Namco,AAA,800000,"['Action', 'Adventure', 'Singleplayer', 'Action-Adventure', 'Psychological Horror', 'Mystery', 'Third-Person', 'Cinematic', 'Emotional', 'Alternate History', 'Narration', 'Lore-Rich', 'Politics', 'Combat', '3D', 'Female Protagonist', 'Stealth', 'Linear', 'Story Rich', 'Realistic']","PC, PlayStation, Xbox",Action
630180,Metaphor ReFantazio,2024-10-11,2679460,metaphor-refantazio,69.99,983000,32775,91051,91.179,"Action, Adventure, RPG",ATLUS,SEGA,AAA,51200000,"['Strategy', 'Adventure', 'Singleplayer', 'Choose Your Own Adventure', 'RPG', 'Turn-Based Tactics', 'Action RPG', 'Turn-Based Combat', 'Party-Based RPG', 'Time Management', 'Dark Fantasy', 'Hack and Slash', 'Third-Person', 'Turn-Based Strategy', 'Strategy RPG', 'JRPG', 'Fantasy', 'Story Rich', 'Anime', 'Colorful']","PC, PlayStation, Xbox",RPG
625622,DRAGON BALL Sparking ZERO,2024-10-10,1790600,dragon-ball-sparking-zero,69.99,1900000,63841,178000,90.088,Action,"Spike Chunsoft Co., Ltd.",Bandai Namco,AAA,107200000,"['Action', 'Singleplayer', 'Multiplayer', 'Competitive', '2.5D', 'Action-Adventure', 'Co-op', 'Fighting', 'PvE', 'Third-Person', 'Local Multiplayer', 'Spectacle fighter', 'Martial Arts', '3D Fighter', 'Combat', '3D', 'Physics', 'Open World', 'Anime', 'PvP']","PC, PlayStation, Xbox",Fighting
617592,SILENT HILL 2,2024-10-08,2124490,silent-hill-2,69.99,795000,40334,116000,95.309,"Action, Adventure",Bloober Team SA,KONAMI,AA,42800000,"['Action', 'Adventure', 'Singleplayer', 'Action-Adventure', 'Classic', 'Psychological Horror', 'Third-Person', 'Survival Horror', 'Remake', 'Cinematic', 'Psychological', '3D', 'Exploration', 'Story Rich', 'Atmospheric', 'Great Soundtrack', 'Violent', 'Horror', 'Multiple Endings', 'Sexual Content']","PC, PlayStation",Action
661325,Until Dawn,2024-10-04,2172010,until-dawn,59.99,77820,2594,29406,80.378,Adventure,Ballistic Moon,PlayStation Publishing LLC,AAA,3700000,"['Adventure', 'Singleplayer', 'Choose Your Own Adventure', 'Choices Matter', 'Drama', 'Interactive Fiction', 'Gore', 'Perma Death', 'Mystery', 'Dark', 'Third-Person', 'Remake', 'Cinematic', 'Emotional', 'Quick-Time Events', 'Exploration', 'Story Rich', 'Atmospheric', 'Horror', 'Multiple Endings']","PC, PlayStation",Adventure
721482,SWORD ART ONLINE Fractured Daydream,2024-10-03,1858630,sword-art-online-fractured-daydream,59.99,74940,2498,30726,67.334,"Action, Casual, RPG",Dimps Corporation,Bandai Namco,AAA,3600000,"['Action', 'Singleplayer', 'Casual', 'RPG', 'Multiplayer', 'Action RPG', 'Co-op', 'Third-Person Shooter', 'MMORPG', 'Online Co-Op', 'Character Customization', 'PvE', 'Hack and Slash', 'Magic', 'Swordplay', '3D', 'JRPG', 'Fantasy', 'Story Rich', 'Anime']","PC, PlayStation, Xbox, Nintendo",RPG
720595,Rogue Waters,2024-09-30,1691190,rogue-waters,29.99,25320,844,14198,81.991,"Action, Adventure, Strategy, RPG",Ice Code Games,Tripwire Interactive,AA,518000,"['Strategy', 'RPG', 'Choices Matter', 'Turn-Based Tactics', 'Pirates', 'Naval', 'Sailing', 'Turn-Based Combat', 'Tactical', 'Turn-Based Strategy', 'Isometric', 'Tactical RPG', 'Combat', 'Puzzle', 'Turn-Based', 'Roguelike', 'Roguelite', 'Fantasy', 'Story Rich', 'Procedural Generation']","PC, PlayStation, Xbox, Nintendo",Strategy
644284,EA SPORTS FC 25,2024-09-27,2669320,ea-sports-fc-25,69.99,1800000,60604,68993,48.705,"Simulation, Sports",Electronic Arts,Electronic Arts,AAA,76500000,"['Simulation', 'Singleplayer', 'Free to Play', 'Multiplayer', 'Competitive', 'Sports', 'Controller', 'Co-op', 'Split Screen', 'LGBTQ+', 'Online Co-Op', 'Local Multiplayer', 'Modern', 'Soundtrack', 'Local Co-Op', 'eSports', 'Family Friendly', 'PvP', 'Realistic', 'Football (Soccer)']","PC, PlayStation, Xbox, Nintendo",Sports
617154,Ara History Untold,2024-09-24,2021880,ara-history-untold,59.99,51840,1728,34793,68.808,Strategy,Oxide Games,Xbox Game Studios,AAA,2400000,"['Strategy', 'Singleplayer', 'Multiplayer', 'Tutorial', 'Turn-Based Tactics', 'LGBTQ+', 'Historical', 'Military', 'Grand Strategy', 'Turn-Based Strategy', 'Alternate History', 'Villain Protagonist', 'Diplomacy', '3D', 'Top-Down', '4X', 'Turn-Based', 'City Builder', 'Resource Management', 'Management']",PC,Strategy
672738,Disney Epic Mickey Rebrushed,2024-09-24,1522160,disney-epic-mickey-rebrushed,59.99,32370,1079,15307,94.161,"Action, Adventure",Purple Lamp,THQ Nordic,AA,1400000,"['Singleplayer', 'Choose Your Own Adventure', 'Side Scroller', 'Choices Matter', 'Action-Adventure', 'Puzzle Platformer', 'Cartoon', 'Third-Person', 'Magic', 'Remake', '3D Platformer', 'Lore-Rich', 'Platformer', 'Puzzle', 'Exploration', 'Story Rich', 'Funny', 'Cute', 'Family Friendly', 'Multiple Endings']","PC, PlayStation, Xbox, Nintendo",Action
638826,Frostpunk 2,2024-09-20,1601580,frostpunk-2,44.99,951000,20291,174000,76.743,"Simulation, Strategy",11 bit studios,11 bit studios,AA,32900000,"['Strategy', 'Simulation', 'Singleplayer', 'Choices Matter', 'Colony Sim', 'Post-apocalyptic', 'Politics', 'Political Sim', 'Sequel', 'Snow', 'Steampunk', 'Survival', '4X', 'City Builder', 'Base Building', 'Resource Management', 'Management', 'Atmospheric', 'Great Soundtrack', 'Violent']","PC, PlayStation, Xbox",Strategy
678491,Dead Rising Deluxe Remaster,2024-09-19,2527390,dead-rising-deluxe-remaster,49.99,101000,3364,20059,81.718,"Action, Adventure",Capcom,Capcom,AAA,4000000,"['Action', 'Adventure', 'Singleplayer', 'Action-Adventure', 'Gore', 'Dark', 'LGBTQ+', 'Time Management', 'Third-Person', 'Zombies', 'Cinematic', 'Dark Comedy', 'Spectacle fighter', 'Survival', 'Sandbox', 'Sci-fi', 'Funny', 'Cute', 'Horror', 'Multiple Endings']","PC, PlayStation, Xbox",Action
629385,FINAL FANTASY XVI,2024-09-17,2515020,final-fantasy-xvi,49.99,623000,20763,61348,79.353,"Action, RPG",Square Enix,Square Enix,AAA,23500000,"['Action', 'Singleplayer', 'RPG', 'Drama', 'Action RPG', 'Party-Based RPG', 'Dark Fantasy', 'Hack and Slash', 'Third-Person', 'Magic', 'Cinematic', 'Emotional', 'Spectacle fighter', '3D', 'JRPG', 'Fantasy', 'Story Rich', 'Atmospheric', 'Great Soundtrack', 'Violent']","PC, PlayStation",RPG
653002,The Plucky Squire,2024-09-17,1627570,the-plucky-squire,29.99,72900,2430,28164,86.091,Adventure,All Possible Futures,Devolver Digital,AA,1700000,"['Adventure', 'Indie', 'Singleplayer', 'Multiplayer', 'Controller', 'Action-Adventure', 'Puzzle Platformer', 'Co-op', '2D Platformer', '3D Platformer', 'Combat', '2D', '3D', 'Cartoony', 'Fantasy', 'Cute', 'Family Friendly']","PC, PlayStation, Xbox, Nintendo",Arcade
633562,MARVEL vs CAPCOM Fighting Collection Arcade Classics,2024-09-12,2634890,marvel-vs-capcom-fighting-collection-arcade-classics,49.99,59940,1998,20769,94.394,Action,Capcom,Capcom,AAA,2400000,"['Action', 'Singleplayer', 'Multiplayer', 'Score Attack', 'Classic', ""Beat 'em up"", 'Co-op', 'Fighting', '2D Fighter', 'Online Co-Op', 'Local Multiplayer', 'Comic Book', 'Local Co-Op', 'Superhero', ""1990's"", 'Pixel Graphics', 'Arcade', 'Retro']","PC, PlayStation, Xbox, Nintendo",Fighting
691458,DRAGON QUEST MONSTERS The Dark Prince,2024-09-11,2175540,dragon-quest-monsters-the-dark-prince,39.99,18300,610,7760,77.869,RPG,Square Enix,Square Enix,AAA,569000,"['Singleplayer', 'RPG', 'Silent Protagonist', 'Turn-Based Tactics', 'Medieval', 'Turn-Based Combat', 'Party-Based RPG', 'Dragons', 'Magic', 'Deckbuilding', 'Collectathon', 'Villain Protagonist', 'Creature Collector', '3D', 'Turn-Based', 'JRPG', 'Fantasy', 'Story Rich', 'Anime', 'Cute']","PC, Mobile, Nintendo",RPG
708920,Towerborne,2024-09-10,2458830,towerborne,24.99,20700,690,17160,78.986,"Action, Adventure, Early Access, RPG",Stoic,Xbox Game Studios,AAA,411000,"['Action', 'Adventure', 'Singleplayer', 'Early Access', 'RPG', 'Multiplayer', 'Side Scroller', 'Action-Adventure', ""Beat 'em up"", 'Action RPG', 'Co-op', 'Online Co-Op', 'Loot', 'Character Customization', 'PvE', 'Hack and Slash', 'Lore-Rich', 'Fantasy', 'Anime', 'Procedural Generation']","PC, Xbox",RPG
617890,Warhammer 40000 Space Marine 2,2024-09-09,2183900,warhammer-40-000-space-marine-2,59.99,4200000,156000,293000,82.85,"Action, Adventure, RPG",Saber Interactive,Focus Entertainment,AA,195300000,"['Action', 'Adventure', 'Singleplayer', 'Multiplayer', 'Action-Adventure', 'Co-op', 'Third-Person Shooter', 'PvE', 'War', 'Third-Person', 'Cinematic', 'Wargame', 'Futuristic', 'Narration', 'Warhammer 40K', '3D', 'Fantasy', 'Space', 'Sci-fi', 'Realistic']","PC, PlayStation, Xbox",Action
642966,Ace Attorney Investigations Collection,2024-09-06,2401970,ace-attorney-investigations-collection,39.99,83250,2775,16328,97.225,Adventure,Capcom,Capcom,AAA,2600000,"['Adventure', 'Singleplayer', 'Choose Your Own Adventure', 'Text-Based', 'Mystery', 'Point & Click', 'LGBTQ+', 'Investigation', 'Crime', 'Detective', '2D', 'Pixel Graphics', 'Puzzle', 'Comedy', 'Story Rich', 'Anime', 'Funny', 'Great Soundtrack', 'Visual Novel', 'Sexual Content']","PC, PlayStation, Xbox, Nintendo",Adventure
664833,NBA 2K25,2024-09-04,2878980,nba-2k25,79.99,1000000,23880,38286,58.668,"Simulation, Sports",Visual Concepts,2K,AAA,42900000,"['Simulation', 'Singleplayer', 'Multiplayer', 'Sports', 'Controller', 'Immersive Sim', 'Co-op', '4 Player Local', 'Online Co-Op', 'Character Customization', 'Local Multiplayer', 'Team-Based', 'Local Co-Op', 'Deckbuilding', 'eSports', 'Trading', 'Basketball', '3D', 'Management', 'PvP']","PC, PlayStation, Xbox, Nintendo",Sports
682380,Age of Mythology Retold,2024-09-04,1934680,age-of-mythology-retold,29.99,474000,15796,106000,89.953,Strategy,"CaptureAge, Forgotten Empires, Tantalus Media, Virtuos Games, World's Edge",Xbox Game Studios,AAA,10900000,"['Strategy', 'Singleplayer', 'Multiplayer', 'Co-op', 'Moddable', 'Online Co-Op', 'PvE', 'Magic', 'Level Editor', 'Real-Time', 'Mythology', 'Action RTS', '3D', 'Top-Down', 'RTS', 'Base Building', 'Resource Management', 'Fantasy', 'Story Rich', 'PvP']","PC, PlayStation, Xbox",Strategy
645332,Harry Potter Quidditch Champions,2024-09-03,2878600,harry-potter-quidditch-champions,29.99,83880,2796,16426,78.362,"Action, Sports",Unbroken Studios,Warner Bros. Games,AAA,1900000,"['Action', 'Singleplayer', 'Multiplayer', 'Competitive', 'Sports', 'Psychological Horror', 'Co-op', 'Flight', 'LGBTQ+', 'Online Co-Op', 'Character Customization', 'PvE', 'Third-Person', 'Magic', 'Team-Based', 'Supernatural', 'Villain Protagonist', 'Arcade', 'Fantasy', 'PvP']","PC, PlayStation, Xbox, Nintendo",Sports
651839,Sumerian Six,2024-09-02,1429850,sumerian-six,29.99,22260,742,7609,94.474,"Action, Strategy",Artificer,Devolver Digital,AA,512000,"['Strategy', 'Action', 'Adventure', 'Turn-Based Tactics', 'Demons', 'War', 'World War II', 'Tactical', 'Turn-Based Strategy', 'Dark Comedy', 'Alternate History', 'Real Time Tactics', 'Isometric', '3D', 'Female Protagonist', 'Stealth', 'Linear', 'Story Rich', 'Atmospheric', 'Colorful']",PC,Strategy
708760,Visions of Mana,2024-08-29,2490990,visions-of-mana,59.99,67680,2256,32802,79.477,"Action, RPG",Square Enix,Square Enix,AAA,3200000,"['Action', 'Adventure', 'Old School', 'Singleplayer', 'RPG', 'Action RPG', 'Party-Based RPG', 'Character Customization', 'Magic', 'Lore-Rich', 'Class-Based', '3D', 'JRPG', 'Fantasy', 'Open World', 'Story Rich', 'Anime', 'Atmospheric', 'Cute', 'Colorful']","PC, PlayStation, Xbox",RPG
690198,GUNDAM BREAKER 4,2024-08-28,1672500,gundam-breaker-4,59.99,109000,3645,26859,75.309,"Action, RPG","CRAFTS & MEISTER Co., Ltd.",Bandai Namco,AAA,5200000,"['Action', 'Singleplayer', 'RPG', 'Multiplayer', 'Robots', 'Action RPG', 'Co-op', 'Mechs', 'Character Customization', 'Hack and Slash', '3D', 'Anime']","PC, PlayStation, Nintendo",Action
632644,Concord,2024-08-23,2443720,concord,0.0,25740,850,6406,68.941,Action,Firewalk Studios,PlayStation Publishing LLC,AAA,718000,"['Action', 'Multiplayer', 'Perma Death', 'First-Person', 'Dark Fantasy', 'Zombies', 'Crime', 'Post-apocalyptic', 'Psychological', 'Team-Based', 'Parody ', 'Gambling', 'Hero Shooter', 'Heist', 'FPS', 'Shooter', 'Sci-fi', 'Funny', 'Colorful', 'PvP']","PC, PlayStation",Action
645208,Skull and Bones,2024-08-22,2853730,skull-and-bones,39.99,44220,1474,12337,66.961,"Action, Adventure",Ubisoft,Ubisoft,AAA,1200000,"['Action', 'RPG', 'Multiplayer', 'Action RPG', 'Pirates', 'Co-op', 'Naval Combat', 'Naval', 'Sailing', 'First-Person', 'PvE', 'Crafting', 'Third-Person', 'Combat', '3D', 'Exploration', 'Resource Management', 'Open World', 'PvP', 'Realistic']","PC, PlayStation, Xbox",Action
677552,The Crush House,2024-08-09,2337820,the-crush-house,16.99,9120,304,3504,73.026,"Adventure, Simulation",Nerial,Devolver Digital,AA,113000,"['Adventure', 'Simulation', 'Singleplayer', 'Casual', 'Psychological Horror', 'Mystery', 'LGBTQ+', 'Political', 'Dating Sim', 'Conversation', 'Life Sim', 'Politics', 'Romance', 'Cartoony', 'Female Protagonist', 'Comedy', 'Story Rich', 'Funny', 'Colorful', 'Sexual Content']",PC,Simulation
634088,Prince of Persia The Lost Crown,2024-08-08,2751000,prince-of-persia-the-lost-crown,39.99,101000,3364,15520,85.702,"Action, Adventure",Ubisoft,Ubisoft,AAA,2400000,"['Action', 'Adventure', 'Singleplayer', 'Multiplayer', 'Side Scroller', 'Controller', 'Action-Adventure', 'Stylized', 'Action RPG', 'LGBTQ+', 'Hack and Slash', '2D Platformer', 'Precision Platformer', 'Combat', 'Metroidvania', 'Exploration', 'Atmospheric', 'Great Soundtrack', 'Colorful']","PC, PlayStation, Xbox, Nintendo",Action
628879,STAR WARS Bounty Hunter,2024-08-01,2419090,star-wars-bounty-hunter,19.99,27840,928,12597,85.776,"Action, Adventure",Aspyr,Aspyr,AA,417000,"['Action', 'Adventure', 'Singleplayer', 'Robots', 'Assassin', 'Action-Adventure', 'Classic', 'Third-Person Shooter', 'Third-Person', 'Remake', 'Futuristic', '3D Platformer', 'Combat', '3D', 'Platformer', 'Shooter', 'Space', 'Sci-fi']","PC, PlayStation, Xbox, Nintendo",Action
620682,F1 Manager 2024,2024-07-23,2591280,f1-manager-2024,34.99,119000,3982,10834,76.821,"Simulation, Strategy",Frontier Developments,Frontier Developments,AA,3000000,"['Strategy', 'Simulation', 'Sports', 'Automobile Sim', 'Choices Matter', 'Racing', 'Economy', 'Driving', 'Immersive Sim', 'Time Management', 'PvE', 'Tactical', 'Team-Based', 'Time Manipulation', '3D', 'Base Building', 'Resource Management', 'Management', 'Family Friendly', 'Realistic']","PC, PlayStation, Xbox, Nintendo",Strategy
629360,KunitsuGami Path of the Goddess,2024-07-19,2510710,kunitsu-gami-path-of-the-goddess,49.99,58710,1957,24147,92.591,"Action, Strategy",Capcom,Capcom,AAA,2300000,"['Strategy', 'Action', 'Singleplayer', 'Hack and Slash', 'Supernatural', 'Lore-Rich', 'Mythology', '3D', 'Tower Defense']","PC, PlayStation, Xbox",Action
675771,Crime Boss Rockay City,2024-06-18,2933080,crime-boss-rockay-city,19.99,179000,5969,26868,71.654,Action,INGAME STUDIOS,505 GAMES,AA,2300000,"['Action', 'Singleplayer', 'Multiplayer', 'Co-op', 'Online Co-Op', 'PvE', 'Action Roguelike', 'Crime', 'Tactical', 'Team-Based', 'America', 'Combat', 'Heist', 'Looter Shooter', '3D', 'FPS', 'Stealth', 'Shooter', 'Funny', 'Realistic']","PC, PlayStation, Xbox",Action
675332,Avatar Frontiers of Pandora,2024-06-17,2840770,avatar-frontiers-of-pandora,69.99,106000,3538,29118,68.315,"Action, Adventure",Ubisoft,Ubisoft,AAA,3900000,"['Action', 'Adventure', 'Singleplayer', 'RPG', 'Multiplayer', 'Immersive Sim', 'Co-op', 'First-Person', 'Online Co-Op', 'Character Customization', '3D', 'Female Protagonist', 'Shooter', 'Exploration', 'Open World', 'Story Rich', 'Sci-fi', 'Atmospheric']","PC, PlayStation, Xbox",Action
696798,Shin Megami Tensei V Vengeance,2024-06-14,1875830,shin-megami-tensei-v-vengeance,59.99,275000,9170,38748,93.01,"Adventure, RPG",ATLUS,SEGA,AAA,12300000,"['Adventure', 'Singleplayer', 'RPG', 'Choices Matter', 'Demons', 'Dark', 'Third-Person', 'Turn-Based Strategy', 'Post-apocalyptic', 'Destruction', 'Creature Collector', '3D', 'Turn-Based', 'Exploration', 'JRPG', 'Story Rich', 'Anime', 'Atmospheric', 'Difficult', 'Multiple Endings']","PC, PlayStation, Xbox, Nintendo",RPG
677648,Monster Hunter Stories,2024-06-14,2356560,monster-hunter-stories,29.99,22920,764,12181,90.969,RPG,Capcom,Capcom,AAA,519000,"['Adventure', 'Singleplayer', 'RPG', 'Multiplayer', 'Dragons', 'Loot', 'Character Customization', 'PvE', 'Third-Person', 'Emotional', 'Hunting', 'Creature Collector', '3D', 'Cartoony', 'Exploration', 'JRPG', 'Fantasy', 'Story Rich', 'Anime', 'PvP']","PC, PlayStation, Nintendo",RPG
629261,F1 24,2024-05-31,2488620,f1-24,69.99,398000,13270,25622,72.359,"Sports, Racing",Codemasters,Electronic Arts,AAA,15400000,"['Action', 'Simulation', 'Singleplayer', 'Early Access', 'Casual', 'Multiplayer', 'Competitive', 'Sports', 'Automobile Sim', 'Racing', 'Driving', 'VR', 'Co-op', 'Online Co-Op', 'Character Customization', 'Local Co-Op', 'eSports', 'Great Soundtrack', 'PvP', 'Realistic']","PC, PlayStation, Xbox",Racing
644542,The Rogue Prince of Persia,2024-05-27,2717880,the-rogue-prince-of-persia,19.99,42270,1409,12603,87.864,"Action, Adventure, Early Access",Evil Empire,Ubisoft,AAA,618000,"['Action', 'Adventure', 'Singleplayer', 'Side Scroller', 'Action-Adventure', 'Stylized', 'Dark Fantasy', 'Action Roguelike', '2D Platformer', 'Parkour', 'Combat', '2D', 'Cartoony', 'Platformer', 'Roguelike', 'Roguelite', 'Fantasy', 'Atmospheric', 'Procedural Generation', 'Replay Value']",PC,Action
644654,Valiant Hearts Coming Home,2024-05-24,2741360,valiant-hearts-coming-home,14.99,8160,272,3474,63.235,Adventure,Ubisoft,Ubisoft,AAA,84703,"['Action', 'Adventure', 'Indie', 'Singleplayer', 'Side Scroller', 'Music', 'Puzzle Platformer', 'Education', 'War', 'Historical', '2D Platformer', 'Emotional', 'Comic Book', 'World War I', 'Dog', '2D', 'Platformer', 'Puzzle', 'Story Rich', 'Atmospheric']","PC, PlayStation, Xbox, Mobile, Nintendo",Adventure
643270,Senuas Saga Hellblade II,2024-05-21,2461850,senua-s-saga-hellblade-ii,49.99,194000,6451,46647,87.692,"Action, Adventure",Ninja Theory,Xbox Game Studios,AAA,7200000,"['Action', 'Adventure', 'Singleplayer', 'Action-Adventure', 'Psychological Horror', 'Dark', 'Dark Fantasy', 'Third-Person', 'Cinematic', 'Walking Simulator', 'Psychological', 'Swordplay', 'Combat', 'Mythology', 'Female Protagonist', 'Story Rich', 'Atmospheric', 'Horror', 'Realistic', 'Vikings']","PC, Xbox",Action
636168,Homeworld 3,2024-05-13,1840080,homeworld-3,59.99,232000,7734,90709,40.354,"Simulation, Strategy",Blackbird Interactive,Gearbox Publishing,AA,10800000,"['Strategy', 'Simulation', 'Singleplayer', 'Multiplayer', 'Competitive', 'Co-op', 'Tactical', 'Real-Time', 'Isometric', 'Combat', '3D', 'Female Protagonist', 'RTS', 'Roguelike', 'Roguelite', 'Management', 'Story Rich', 'Space', 'Sci-fi', 'Atmospheric']",PC,Strategy
617454,PACMAN Mega Tunnel Battle Chomp Champs,2024-05-08,2095950,pac-man-mega-tunnel-battle-chomp-champs,19.99,3720,124,1764,67.742,Casual,Amber Studio,Bandai Namco,AAA,55422,"['Casual', 'Multiplayer', 'Character Customization', 'Battle Royale', 'Top-Down', 'Arcade', 'Family Friendly', 'PvP']","PC, PlayStation, Xbox, Nintendo",Arcade
728197,INDIKA,2024-05-02,1373960,indika,24.99,177000,5894,24884,90.414,Adventure,Odd Meter,11 bit studios,AA,3200000,"['Adventure', 'Singleplayer', 'Mystery', 'Dark', 'Third-Person', 'Surreal', 'Psychedelic', 'Cinematic', 'Walking Simulator', 'Psychological', 'Conversation', 'Narration', 'Female Protagonist', 'Puzzle', 'Exploration', 'Linear', 'Story Rich', 'Atmospheric', 'Horror', 'Mature']","PC, PlayStation, Xbox",Adventure
663117,The Political Machine 2024,2024-05-02,2512090,the-political-machine-2024,19.99,6510,217,1185,76.037,"Simulation, Strategy",Stardock Entertainment,Stardock Entertainment,AA,94828,"['Strategy', 'Simulation', 'Singleplayer', 'Multiplayer', 'Economy', 'Education', 'Capitalism', 'Character Customization', 'Historical', 'Political', 'Turn-Based Strategy', 'America', 'Alternate History', 'Politics', 'Political Sim', 'Cartoony', 'Building', 'Card Game', 'Management', 'PvP']",PC,Strategy
615842,TopSpin 2K25,2024-04-26,1785650,topspin-2k25,99.99,94770,3159,7515,50.776,Sports,Hangar 13,2K,AAA,3900000,"['Simulation', 'Singleplayer', 'Multiplayer', 'Sports', 'Controller', 'PvE', 'Local Multiplayer', 'Soundtrack', 'Local Co-Op', 'Tennis', 'Family Friendly', 'PvP', 'Realistic']","PC, PlayStation, Xbox",Sports
626666,SAND LAND,2024-04-25,1979440,sand-land,59.99,33630,1121,28968,88.403,"Action, RPG","ILCA,Inc.",Bandai Namco,AAA,1500000,"['Action', 'Singleplayer', 'RPG', 'Action-Adventure', 'Gun Customization', 'Tanks', ""Beat 'em up"", 'Action RPG', 'Mechs', 'Third-Person Shooter', 'Combat Racing', 'Vehicular Combat', '3D', 'Cartoony', 'Exploration', 'Open World', 'Comedy', 'Story Rich', 'Sci-fi', 'Anime']","PC, PlayStation, Xbox",RPG
722301,Rotwood,2024-04-24,2015270,rotwood,19.99,222000,7405,44070,75.3,"Action, Adventure, Early Access, RPG",Klei Entertainment,Klei Entertainment,AA,1800000,"['Action', 'Adventure', 'Singleplayer', 'RPG', 'Multiplayer', 'Action-Adventure', ""Beat 'em up"", 'Action RPG', 'Medieval', 'Co-op', 'Dungeon Crawler', 'Online Co-Op', 'PvE', 'Hack and Slash', 'Action Roguelike', '2D', 'Exploration', 'Roguelite', 'Fantasy', 'Replay Value']",PC,Action
654663,Dead Island 2,2024-04-22,934700,dead-island-2,49.99,450000,12117,44999,77.321,"Action, Adventure",Dambuster Studios,Deep Silver,AA,15000000,"['Action', 'Adventure', 'Controller', 'Action-Adventure', 'Dark Humor', 'Gore', 'Action RPG', 'Co-op', 'First-Person', 'Dark', 'Character Customization', 'PvE', 'Hack and Slash', 'Crafting', 'Survival Horror', 'Zombies', 'Post-apocalyptic', 'Combat', 'FPS', 'Horror']","PC, PlayStation, Xbox",Action
694128,The Crew Motorfest,2024-04-18,2698940,the-crew-motorfest,69.99,210000,6990,15584,77.654,Racing,Ubisoft,Ubisoft,AAA,7000000,"['Singleplayer', 'Multiplayer', 'Sports', 'Racing', 'Driving', 'Co-op', 'Online Co-Op', 'Motorbike', '3D', 'Arcade', 'Open World', 'Sandbox', 'PvP']","PC, PlayStation, Xbox",Racing
613008,Millennia,2024-03-26,1268590,millennia,39.99,96600,3548,39583,69.109,"Simulation, Strategy",C Prompt Games,Paradox Interactive,AA,2900000,"['Strategy', 'Simulation', 'Singleplayer', 'Multiplayer', 'Economy', 'Turn-Based Combat', 'Hex Grid', 'War', 'Historical', 'Military', 'Grand Strategy', 'Political', 'Tactical', 'Turn-Based Strategy', 'Alternate History', 'Diplomacy', '4X', 'Turn-Based', 'Management', 'Replay Value']",PC,Strategy
717986,SOUTH PARK SNOW DAY,2024-03-26,1214650,south-park-snow-day,29.99,109000,3617,17955,51.203,"Action, Adventure",Question,THQ Nordic,AA,2500000,"['Action', 'Adventure', 'Controller', 'Action-Adventure', 'Dark Humor', 'Action RPG', 'Mystery', 'Memes', 'Cartoon', 'Hack and Slash', 'Third-Person', 'Magic', 'Dark Comedy', 'Satire', 'Parody ', 'Combat', 'Cartoony', 'Fantasy', 'Comedy', 'Funny']","PC, PlayStation, Xbox, Nintendo",Action
664255,The Settlers New Allies,2024-03-26,2750080,the-settlers-new-allies,39.99,24600,820,9400,47.683,Strategy,Ubisoft,Ubisoft,AAA,658000,"['Strategy', 'Simulation', 'Singleplayer', 'Multiplayer', 'Economy', 'Colony Sim', 'Crafting', 'Tactical', 'God Game', '3D', 'Building', 'RTS', 'City Builder', 'Base Building', 'Management', 'Relaxing', 'Colorful', 'PvP']","PC, PlayStation, Xbox, Nintendo",Strategy
651218,Alone in the Dark,2024-03-20,1310410,alone-in-the-dark,39.99,99120,3304,31194,79.086,"Action, Adventure",Pieces Interactive,THQ Nordic,AA,3900000,"['Action', 'Adventure', 'Lovecraftian', 'Psychological Horror', 'Mystery', 'Dark', 'Thriller', 'Third-Person', 'Survival Horror', 'Surreal', 'Cinematic', 'Detective', 'Psychological', 'Supernatural', 'Narration', 'Noir', 'Combat', 'Female Protagonist', 'Horror', 'Realistic']","PC, PlayStation, Xbox",Action
662801,STAR WARS Battlefront Classic Collection,2024-03-14,2446550,star-wars-battlefront-classic-collection,35.01,228000,7587,19857,22.631,Action,Aspyr,Aspyr,AA,6400000,"['Action', 'Old School', 'Robots', 'Aliens', 'Driving', 'Split Screen', 'First-Person', 'Third-Person Shooter', 'Artificial Intelligence', 'War', 'Military', 'Third-Person', 'Tactical', 'Futuristic', '3D', 'FPS', 'Shooter', 'Space', 'Sci-fi', 'Retro']","PC, PlayStation, Xbox, Nintendo",Action
661690,Contra Operation Galuga,2024-03-12,2235020,contra-operation-galuga,39.99,20910,697,12244,88.235,Action,WayForward ,KONAMI,AA,586000,"['Action', 'Side Scroller', 'Tutorial', 'Aliens', 'Controller', '1980s', 'Character Customization', 'PvE', '2D Platformer', 'Combat', ""1990's"", '2D', 'Female Protagonist', 'Platformer', 'Arcade', 'Shooter', ""Shoot 'Em Up"", 'Story Rich', 'Sci-fi', 'Retro']","PC, PlayStation, Xbox, Nintendo",Action
631939,WWE 2K24,2024-03-08,2315690,wwe-2k24,59.99,222000,7411,13238,74.524,"Simulation, Sports",Visual Concepts,2K,AAA,8600000,"['Simulation', 'Singleplayer', 'Casual', 'Multiplayer', 'Sports', 'Controller', 'Co-op', 'Fighting', 'Online Co-Op', 'Character Customization', 'Local Multiplayer', 'Local Co-Op', '3D Fighter', 'Wrestling', '3D', 'Sandbox', 'PvP', 'Realistic', 'Sexual Content']","PC, PlayStation, Xbox",Sports
678238,Expeditions A MudRunner Game,2024-03-05,2477340,expeditions-a-mudrunner-game,39.99,118000,3926,40545,54.126,"Adventure, Simulation, Racing",Saber Interactive,Focus Entertainment,AA,3300000,"['Simulation', 'Singleplayer', 'Multiplayer', 'Automobile Sim', 'Racing', 'Offroad', 'Nature', 'Driving', 'Co-op', 'Moddable', 'Online Co-Op', 'Character Customization', 'Science', 'Transportation', 'Building', 'Exploration', 'Physics', 'Base Building', 'Open World', 'Realistic']","PC, PlayStation, Xbox, Nintendo",Simulation
653306,The Thaumaturge,2024-03-04,1684350,the-thaumaturge,34.99,111000,3694,57268,83.649,"Adventure, RPG",Fool's Theory,11 bit studios,AA,2800000,"['Adventure', 'Singleplayer', 'RPG', 'Choices Matter', 'Demons', 'Mystery', 'CRPG', 'Point & Click', 'Dark Fantasy', 'Turn-Based Strategy', 'Detective', 'Psychological', 'Supernatural', 'Creature Collector', 'Exploration', 'Fantasy', 'Story Rich', 'Atmospheric', 'Visual Novel', 'Multiple Endings']","PC, PlayStation, Xbox",RPG
640685,WE ARE FOOTBALL 2024,2024-03-04,1951410,we-are-football-2024,39.99,24240,808,3131,79.703,"Simulation, Strategy, Casual, Sports",Winning Streak Games,"HandyGames, THQ Nordic","AA, Indie",689000,"['Strategy', 'Simulation', 'Singleplayer', 'Multiplayer', 'Sports', 'Economy', '4 Player Local', 'Moddable', 'Time Management', 'PvE', 'Tactical', 'Level Editor', 'Local Multiplayer', '3D', 'Building', 'Resource Management', 'Management', 'Family Friendly', 'PvP', 'Football (Soccer)']",PC,Sports
617733,Brothers A Tale of Two Sons Remake,2024-02-28,2153350,brothers-a-tale-of-two-sons-remake,19.99,22830,759,7675,70.092,"Adventure, Casual",Avantgarden SRL,505 GAMES,AA,308000,"['Adventure', 'Singleplayer', 'Casual', 'Action-Adventure', 'Co-op', 'Local Co-Op', 'Puzzle']","PC, PlayStation, Xbox",Adventure
690689,Bandle Tale A League of Legends Story,2024-02-21,1759380,bandle-tale-a-league-of-legends-story,24.99,35460,1182,11395,80.203,"Simulation, RPG",Lazy Bear Games,Riot Forge,AAA,647000,"['Simulation', 'Singleplayer', 'RPG', 'Nature', 'Crafting', 'Magic', 'Beautiful', 'Isometric', 'Farming Sim', 'Pixel Graphics', 'Exploration', 'Fantasy', 'Funny', 'Cute', 'Family Friendly', 'Colorful', 'Cozy']","PC, Nintendo",RPG
652196,Banishers Ghosts of New Eden,2024-02-12,1493640,banishers-ghosts-of-new-eden,49.99,173000,5751,52873,86.489,"Action, Adventure, RPG",DON'T NOD,Focus Entertainment,AA,6200000,"['Action', 'Adventure', 'Singleplayer', 'RPG', 'Choices Matter', 'Action-Adventure', 'Action RPG', 'Dark Fantasy', 'Third-Person', 'Cinematic', 'Emotional', 'Supernatural', 'Narration', 'Vampire', 'Lore-Rich', 'Exploration', 'Fantasy', 'Story Rich', 'Atmospheric', 'Horror']","PC, PlayStation, Xbox",RPG
667624,HELLDIVERS 2,2024-02-08,553850,helldivers-2,39.99,13300000,982000,427000,76.086,Action,Arrowhead Game Studios,PlayStation Publishing LLC,AAA,423400000,"['Action', 'Singleplayer', 'Multiplayer', 'Gore', 'Psychological Horror', 'Co-op', 'Capitalism', 'Third-Person Shooter', 'Online Co-Op', 'PvE', 'Third-Person', 'Shooter', 'Open World', 'Comedy', 'Space', 'Sci-fi', 'Difficult', 'Great Soundtrack', 'Violent', 'Extraction Shooter']","PC, PlayStation",Action
616382,The Inquisitor,2024-02-08,1880470,the-inquisitor,39.99,10380,346,12004,70.52,"Action, Adventure",The Dust S.A.,Kalypso Media,AA,324000,"['Action', 'Adventure', 'Singleplayer', 'Choices Matter', 'Action-Adventure', 'Action RPG', 'Medieval', 'Mystery', 'Dark Fantasy', 'Third-Person', 'Magic', 'Investigation', 'Detective', 'Alternate History', 'Gothic', 'Faith', 'Dynamic Narration', 'Fantasy', 'Atmospheric', 'Multiple Endings']","PC, PlayStation, Xbox",Adventure
631120,Persona 3 Reload,2024-02-02,2161700,persona-3-reload,69.99,1200000,39737,92496,94.446,"Adventure, Strategy, RPG",ATLUS,SEGA,AAA,60400000,"['Strategy', 'Adventure', 'RPG', 'Mystery', 'Turn-Based Combat', 'Party-Based RPG', 'Dark', 'Dating Sim', 'Turn-Based Strategy', 'Detective', 'Emotional', 'Supernatural', 'Strategy RPG', 'JRPG', 'Story Rich', 'Anime', 'Great Soundtrack', 'Visual Novel', 'Colorful', 'Multiple Endings']","PC, PlayStation, Xbox",RPG
683041,Suicide Squad Kill the Justice League,2024-02-02,315210,suicide-squad-kill-the-justice-league,69.99,431000,14381,43478,63.939,Action,Rocksteady Studios,Warner Bros. Games,AAA,17400000,"['Action', 'Singleplayer', 'Casual', 'Multiplayer', 'Psychological Horror', 'Capitalism', 'LGBTQ+', 'Third-Person Shooter', 'Online Co-Op', 'PvE', 'Third-Person', 'Political', 'Comic Book', 'Politics', 'Superhero', 'Villain Protagonist', 'Looter Shooter', 'Shooter', 'Open World', 'Violent']","PC, PlayStation, Xbox",Action
682065,Jujutsu Kaisen Cursed Clash,2024-02-01,1877020,jujutsu-kaisen-cursed-clash,59.99,103000,3442,17043,60.198,Action,Byking Inc.,Bandai Namco,AAA,4800000,"['Action', 'Singleplayer', 'Multiplayer', 'Gore', 'Psychological Horror', 'Co-op', 'Fighting', 'Online Co-Op', 'PvE', '3D Platformer', '3D Fighter', '3D', 'Anime', 'Violent', 'PvP', 'Sexual Content']","PC, PlayStation, Xbox, Nintendo",Fighting
639757,TEKKEN 8,2024-01-25,1778820,tekken-8,69.99,1500000,50330,94173,68.931,Action,Bandai Namco,Bandai Namco,AAA,78700000,"['Action', 'Singleplayer', 'Casual', 'Multiplayer', 'Competitive', 'Controller', 'Fighting', 'Character Customization', 'Local Multiplayer', 'eSports', 'Martial Arts', '3D Fighter', 'Arcade', 'Story Rich', 'Anime', 'Difficult', 'Great Soundtrack', 'PvP', 'Sexual Content', 'Nudity']","PC, PlayStation, Xbox",Fighting
617299,Like a Dragon Infinite Wealth,2024-01-25,2072450,like-a-dragon-infinite-wealth,69.99,576000,19186,47963,91.78,"Action, Adventure, RPG",Ryu Ga Gotoku Studio,SEGA,AAA,29000000,"['Action', 'Adventure', 'Singleplayer', 'RPG', 'Action-Adventure', ""Beat 'em up"", 'Gore', 'Action RPG', 'Turn-Based Combat', 'Emotional', 'Martial Arts', 'Turn-Based', 'JRPG', 'Comedy', 'Story Rich', 'Funny', 'Great Soundtrack', 'Violent', 'Colorful', 'Sexual Content']","PC, PlayStation, Xbox",RPG
617907,Apollo Justice Ace Attorney Trilogy,2024-01-25,2187220,apollo-justice-ace-attorney-trilogy,49.99,92610,3087,21495,90.768,Adventure,Capcom,Capcom,AAA,3400000,"['Adventure', 'Singleplayer', 'Choose Your Own Adventure', 'Text-Based', 'Mystery', 'Point & Click', 'Investigation', 'Crime', 'Detective', '3D', 'Story Rich', 'Anime', 'Great Soundtrack', 'Visual Novel']","PC, PlayStation, Xbox, Nintendo",Adventure
614104,Last Train Home,2023-11-28,1469610,last-train-home,39.99,131000,4355,63509,87.095,Strategy,Ashborne Games,THQ Nordic,AA,3800000,"['Strategy', 'Singleplayer', 'Choices Matter', 'Trains', 'War', 'Historical', 'Wargame', 'Tactical', 'World War I', 'Real Time Tactics', 'Isometric', 'Unforgiving', '3D', 'Survival', 'RTS', 'Base Building', 'Management', 'Atmospheric', 'Multiple Endings', 'Realistic']",PC,Strategy
640132,Warhammer Age of Sigmar Realms of Ruin,2023-11-17,1844380,warhammer-age-of-sigmar-realms-of-ruin,59.99,81810,2727,32976,53.172,"Action, Strategy",Frontier Developments,Frontier Developments,AA,3200000,"['Strategy', 'Action', 'Multiplayer', 'Controller', 'Stylized', 'War', 'Cinematic', 'Wargame', 'Tactical', 'Real Time Tactics', 'Lore-Rich', 'Combat', 'Action RTS', 'Warhammer 40K', '3D', 'RTS', 'Fantasy', 'Story Rich', 'PvP', 'Realistic']","PC, PlayStation, Xbox",Strategy
642174,Persona 5 Tactica,2023-11-17,2254740,persona-5-tactica,59.99,53160,1772,16730,74.492,"Strategy, RPG",ATLUS,SEGA,AAA,2400000,"['Strategy', 'Action', 'Singleplayer', 'RPG', 'Turn-Based Tactics', 'Grid-Based Movement', 'Tactical', 'Turn-Based Strategy', 'Strategy RPG', 'Tactical RPG', '2D', 'JRPG', 'Anime', 'Great Soundtrack', 'Colorful']","PC, PlayStation, Xbox, Nintendo",Strategy
686546,NARUTO X BORUTO Ultimate Ninja STORM CONNECTIONS,2023-11-16,1020790,naruto-x-boruto-ultimate-ninja-storm-connections,59.99,115000,3835,31405,55.984,"Action, Adventure","CyberConnect2 Co., Ltd.",Bandai Namco,AAA,5200000,"['Action', 'Adventure', 'Singleplayer', 'Multiplayer', 'Ninja', 'Action-Adventure', 'Fighting', 'Character Customization', '3D Fighter', 'Open World', 'Story Rich', 'Anime', 'PvP']","PC, PlayStation, Xbox, Nintendo",Fighting
658639,KarmaZoo,2023-11-14,1661630,karmazoo,9.99,37560,1252,4707,88.978,"Action, Casual",Pastagames,Devolver Digital,AA,242000,"['Action', 'Singleplayer', 'Casual', 'Multiplayer', 'Experimental', 'Controller', 'Stylized', 'Puzzle Platformer', 'Co-op', 'Online Co-Op', 'Party Game', '2D Platformer', 'Co-op Campaign', '2D', 'Cartoony', 'Platformer', 'Puzzle', 'Cute', 'Family Friendly', 'Colorful']","PC, PlayStation, Xbox, Nintendo",Arcade
673395,Dungeons 4,2023-11-09,1643310,dungeons-4,49.99,79080,2636,28070,88.885,"Simulation, Strategy",Realmforge Studios,Kalypso Media,AA,3000000,"['Strategy', 'Simulation', 'Singleplayer', 'Multiplayer', 'Dark Humor', 'Co-op', 'Cartoon', 'Online Co-Op', 'PvE', 'Level Editor', 'Real Time Tactics', 'Narration', 'Strategy RPG', '3D', 'RTS', 'Exploration', 'City Builder', 'Fantasy', 'Sandbox', 'Funny']","PC, PlayStation, Xbox, Nintendo",Strategy
662434,Like a Dragon Gaiden The Man Who Erased His Name,2023-11-08,2375550,like-a-dragon-gaiden-the-man-who-erased-his-name,49.99,297000,9915,35729,96.692,"Action, Adventure",Ryu Ga Gotoku Studio,SEGA,AAA,11200000,"['Action', 'Adventure', 'Singleplayer', 'Action-Adventure', ""Beat 'em up"", 'Gore', 'Action RPG', 'Hack and Slash', 'Third-Person', 'Emotional', 'Martial Arts', 'Dog', 'JRPG', 'Open World', 'Comedy', 'Story Rich', 'Great Soundtrack', 'Violent', 'Mature', 'Sexual Content']","PC, PlayStation, Xbox",Action
623124,Risk of Rain Returns,2023-11-08,1337520,risk-of-rain-returns,14.99,828000,27614,53167,90.291,Action,Hopoo Games,Gearbox Publishing,AA,9000000,"['Action', 'Singleplayer', 'Multiplayer', 'Controller', 'Co-op', 'Online Co-Op', 'Loot', 'PvE', 'Action Roguelike', 'Local Co-Op', 'Combat', 'Class-Based', 'Looter Shooter', '2D', 'Pixel Graphics', 'Roguelike', 'Arcade', 'Space', 'Sci-fi', 'Atmospheric']","PC, Nintendo",Action
661782,Football Manager 2024,2023-11-06,2252570,football-manager-2024,59.99,637000,21232,58623,90.651,"Simulation, Strategy, Sports",Sports Interactive,SEGA,AAA,28200000,"['Strategy', 'Simulation', 'Singleplayer', 'Multiplayer', 'Sports', 'Economy', 'Text-Based', 'Real Time Tactics', 'eSports', '2D', '3D', 'Management', 'Football (Soccer)']",PC,Sports
610645,The Talos Principle 2,2023-11-02,835960,the-talos-principle-2,29.99,347000,11573,29017,95.628,"Action, Adventure",Croteam,Devolver Digital,AA,7800000,"['Action-Adventure', 'Puzzle Platformer', 'Mystery', 'First-Person', 'Logic', 'Third-Person', 'Philosophical', 'Political', 'Science', 'Walking Simulator', 'Post-apocalyptic', '3D Platformer', 'Lore-Rich', '3D', 'Puzzle', 'Exploration', 'Linear', 'Story Rich', 'Sci-fi', 'Realistic']","PC, PlayStation, Xbox",Puzzle
631509,STAR OCEAN THE SECOND STORY R,2023-11-02,2238900,star-ocean-the-second-story-r,49.99,98370,3279,25390,94.694,"Action, RPG","Gemdrops, Inc., Square Enix",Square Enix,AAA,3900000,"['Action', 'Singleplayer', 'RPG', '2.5D', 'Action RPG', 'PvE', 'Remake', '2D Platformer', ""1990's"", '2D', 'Pixel Graphics', 'Female Protagonist', 'JRPG', 'Fantasy', 'Story Rich', 'Space', 'Sci-fi', 'Retro', 'Anime', 'Multiple Endings']","PC, PlayStation, Nintendo",RPG
671696,Song of Nunu A League of Legends Story,2023-11-01,1333200,song-of-nunu-a-league-of-legends-story,29.99,79560,2652,13862,95.023,Adventure,Tequila Works,Riot Forge,AAA,1800000,"['Action', 'Adventure', 'Indie', 'Simulation', 'Singleplayer', 'RPG', 'Stylized', 'Puzzle Platformer', 'Emotional', 'Cartoony', 'Puzzle', 'Exploration', 'Fantasy', 'Open World', 'Comedy', 'Story Rich', 'Cute', 'Family Friendly']","PC, PlayStation, Xbox, Nintendo",Adventure
681715,Little Goody Two Shoes,2023-10-31,1812370,little-goody-two-shoes,19.99,50970,1699,11896,95.762,"Adventure, RPG",AstralShift,Square Enix,AAA,754000,"['Adventure', 'Singleplayer', 'RPG', 'Choices Matter', 'Controller', 'Mystery', 'LGBTQ+', 'Time Management', 'Dating Sim', ""1990's"", 'Romance', '2D', 'Female Protagonist', 'Puzzle', 'Exploration', 'Resource Management', 'Story Rich', 'Anime', 'Horror', 'Multiple Endings']","PC, PlayStation, Xbox, Nintendo",Adventure
676533,Ghostrunner 2,2023-10-26,2144740,ghostrunner-2,39.99,274000,9125,30682,81.129,"Action, Adventure, Strategy",ONE MORE LEVEL,505 GAMES,AA,7100000,"['Strategy', 'Action', 'Adventure', 'Singleplayer', 'Music', 'Ninja', 'Action-Adventure', 'Fighting', 'First-Person', 'Hack and Slash', 'Cyberpunk', 'Post-apocalyptic', 'Runner', 'Swordplay', 'Combat', 'Motorbike', 'Vehicular Combat', 'Difficult', 'Violent', 'Fast-Paced']","PC, PlayStation, Xbox",Action
725915,Cities Skylines II,2023-10-24,949230,cities-skylines-ii,49.99,2100000,70244,302000,52.577,Simulation,Colossal Order Ltd.,Paradox Interactive,AA,82700000,"['Strategy', 'Simulation', 'Singleplayer', 'Early Access', 'Casual', 'Multiplayer', 'Economy', 'Moddable', 'Transportation', 'Mod', 'Building', 'City Builder', 'Resource Management', 'Management', 'Relaxing', 'Open World', 'Sandbox', 'Atmospheric', 'Great Soundtrack', 'Realistic']","PC, PlayStation, Xbox",Strategy
638086,ENDLESS Dungeon,2023-10-19,1485590,endless-dungeon,19.99,107000,3566,59097,65.536,"Action, Strategy",AMPLITUDE Studios,SEGA,AAA,2400000,"['Strategy', 'Action', 'Multiplayer', 'Action RPG', 'Co-op', 'Dungeon Crawler', 'PvE', 'Twin Stick Shooter', 'Action Roguelike', 'Soundtrack', 'Tactical RPG', 'Mystery Dungeon', '3D', 'Top-Down', 'Tower Defense', 'Roguelike', 'Roguelite', 'Sci-fi', 'Procedural Generation', 'Replay Value']","PC, PlayStation, Xbox, Nintendo",RPG
697070,Gargoyles Remastered,2023-10-19,1928020,gargoyles-remastered,14.99,1080,36,1206,66.667,"Action, Adventure",Empty Clip Studios,Disney,AAA,12382,"['Action', 'Adventure', 'Singleplayer', 'Side Scroller', 'Action-Adventure', 'Gaming', 'Hand-drawn', 'Dark Fantasy', '2D Platformer', 'Gothic', 'Combat', ""1990's"", '2D', 'Pixel Graphics', 'Cartoony', 'Platformer', 'Arcade', 'Linear', 'Retro', 'Atmospheric']","PC, PlayStation, Xbox, Nintendo",Action
621921,Diablo IV,2023-10-17,2344520,diablo-iv,49.99,1400000,47072,123000,65.665,"Action, RPG","Blizzard Entertainment, Inc.","Blizzard Entertainment, Inc.",AAA,54200000,"['Action', 'Singleplayer', 'RPG', 'Multiplayer', 'Gore', 'Action RPG', 'Co-op', 'Point & Click', 'Dungeon Crawler', 'Online Co-Op', 'Loot', 'Dark Fantasy', 'PvE', 'Hack and Slash', 'Third-Person', 'Isometric', 'Exploration', 'Fantasy', 'Story Rich', 'Violent']","PC, PlayStation, Xbox",RPG
616784,Sonic Superstars,2023-10-17,2022670,sonic-superstars,59.99,92610,3087,11075,68.805,Action,SEGA,SEGA,AAA,4000000,"['Action', 'Adventure', 'Singleplayer', 'Casual', 'Multiplayer', '2.5D', 'Action-Adventure', '4 Player Local', 'Cartoon', '2D Platformer', 'Local Multiplayer', 'Local Co-Op', '2D', 'Platformer', 'Retro', 'Atmospheric', 'Great Soundtrack', 'Family Friendly', 'Colorful', 'Fast-Paced']","PC, PlayStation, Xbox, Nintendo",Arcade
614301,Lords of the Fallen,2023-10-13,1501750,lords-of-the-fallen,59.99,1100000,35277,118000,64.566,"Action, Adventure, RPG",HEXWORKS,CI Games,AA,47300000,"['Action', 'Adventure', 'Singleplayer', 'RPG', 'Multiplayer', 'Action-Adventure', 'Action RPG', 'Medieval', 'Souls-like', 'Dragons', 'Online Co-Op', 'Dark Fantasy', 'Character Customization', 'Magic', 'Lore-Rich', 'Combat', 'Exploration', 'Fantasy', 'Open World', 'Story Rich']","PC, PlayStation, Xbox",RPG
614986,Star Trek Infinite,2023-10-12,1622900,star-trek-infinite,29.99,99180,3306,22961,43.466,"Adventure, Simulation, Strategy",Nimble Giant Entertainment,Paradox Interactive,AA,2300000,"['Strategy', 'Simulation', 'Choices Matter', 'Flight', 'Space Sim', 'PvE', 'Military', 'Grand Strategy', 'Science', 'Diplomacy', '3D', '4X', 'RTS', 'Exploration', 'Management', 'Open World', 'Story Rich', 'Space', 'Sandbox', 'PvP']",PC,Strategy
721933,Total War PHARAOH,2023-10-11,1937780,total-war-pharaoh,39.99,151000,5019,42266,63.877,"Action, Strategy",Creative Assembly,SEGA,AAA,5900000,"['Strategy', 'Action', 'Singleplayer', 'Multiplayer', 'Psychological Horror', 'Capitalism', 'War', 'Historical', 'Grand Strategy', 'Tactical', 'Turn-Based Strategy', 'Rome', '4X', 'RTS', 'Management', 'Atmospheric', 'PvP', 'Sexual Content']",PC,Strategy
709009,Forza Motorsport,2023-10-10,2440510,forza-motorsport,69.99,278000,9278,31821,46.152,Racing,Turn 10,Xbox Game Studios,AAA,14000000,"['Simulation', 'Singleplayer', 'Multiplayer', 'Sports', 'Automobile Sim', 'Racing', 'Driving', 'Immersive Sim', 'VR', 'First-Person', 'Character Customization', 'Third-Person', 'Science', 'Transportation', 'Physics', 'Management', 'Open World', 'Family Friendly', 'PvP', 'Realistic']","PC, Xbox",Racing
650631,Wild Card Football,2023-10-10,1206370,wild-card-football,0.0,4800,160,1127,59.375,"Action, Casual, Sports",Saber Interactive Inc,Saber Interactive Inc,AA,138000,"['Action', 'Simulation', 'Singleplayer', 'Casual', 'Multiplayer', 'Sports', 'Stylized', 'Online Co-Op', 'Character Customization', 'Local Multiplayer', 'Local Co-Op', 'eSports', '3D', 'Cartoony', 'Arcade', 'Funny', 'Cute', 'Family Friendly', 'Colorful', 'Football (American)']","PC, PlayStation, Xbox, Nintendo",Sports
624393,SWORD ART ONLINE Last Recollection,2023-10-05,1566880,sword-art-online-last-recollection,59.99,15420,514,13698,61.284,"Action, Adventure, RPG","AQURIA Co., Ltd.",Bandai Namco,AAA,708000,"['Action', 'Adventure', 'Singleplayer', 'RPG', 'Multiplayer', 'Action-Adventure', 'Action RPG', 'Party-Based RPG', 'Online Co-Op', 'Character Customization', 'PvE', 'Artificial Intelligence', 'Third-Person', 'Magic', 'Futuristic', 'Swordplay', 'JRPG', 'Fantasy', 'Sci-fi', 'Anime']","PC, PlayStation, Xbox",RPG
671756,Wargroove 2,2023-10-05,1346020,wargroove-2,19.99,11520,384,7057,72.396,Strategy,"Chucklefish, Robotality",Chucklefish,AA,179000,"['Strategy', 'Singleplayer', 'Multiplayer', 'Turn-Based Tactics', 'Co-op', 'Wargame', 'Asynchronous Multiplayer', 'Turn-Based Strategy', 'Local Multiplayer', 'Local Co-Op', 'Strategy RPG', 'Tactical RPG', '2D', 'Pixel Graphics', 'Puzzle', 'Roguelike', 'Fantasy', 'Family Friendly', 'Colorful', 'PvP']","PC, Xbox, Nintendo",Strategy
717731,The Lamplighters League,2023-10-03,1167750,the-lamplighters-league,49.99,26430,881,24703,70.261,"Adventure, Strategy, RPG",Harebrained Schemes,Paradox Interactive,AA,961000,"['Strategy', 'Adventure', 'Singleplayer', 'RPG', 'Choices Matter', 'Stylized', 'Turn-Based Combat', 'Dark Fantasy', 'Cinematic', 'Tactical', 'Turn-Based Strategy', 'Supernatural', 'Alternate History', 'Strategy RPG', 'Tactical RPG', 'Noir', 'Top-Down', 'Story Rich', 'Atmospheric', 'Multiple Endings']","PC, Xbox",RPG
617949,EA SPORTS FC 24,2023-09-29,2195250,ea-sports-fc-24,69.99,3600000,108000,109000,57.644,"Simulation, Sports",Electronic Arts,Electronic Arts,AAA,154300000,"['Action', 'Simulation', 'Singleplayer', 'Early Access', 'Multiplayer', 'Competitive', 'Sports', 'Controller', 'Co-op', 'First-Person', 'Online Co-Op', 'PvE', 'Local Multiplayer', 'Local Co-Op', 'eSports', '3D', 'Family Friendly', 'PvP', 'Realistic', 'Football (Soccer)']","PC, PlayStation, Xbox, Nintendo",Sports
636529,FateSamurai Remnant,2023-09-29,1902690,fate-samurai-remnant,59.99,184000,6124,51147,91.362,"Action, RPG","KOEI TECMO GAMES CO., LTD.","KOEI TECMO GAMES CO., LTD.",AAA,8200000,"['Action', 'Singleplayer', 'RPG', 'Drama', 'Stylized', 'Gore', 'Action RPG', 'Historical', 'Hack and Slash', 'Magic', 'Spectacle fighter', 'JRPG', 'Fantasy', 'Story Rich', 'Anime', 'Violent', 'Visual Novel', 'Multiple Endings', 'Sexual Content', 'Musou']","PC, PlayStation, Nintendo",RPG
718323,PAYDAY 3,2023-09-21,1272080,payday-3,29.99,1200000,57930,184000,43.162,"Action, Adventure, RPG",Starbreeze Studios,Deep Silver,AA,35200000,"['Action', 'RPG', 'Multiplayer', 'Dark Humor', 'Gun Customization', 'Co-op', 'First-Person', 'Online Co-Op', 'PvE', 'Crime', 'Tactical', 'America', 'Combat', 'Heist', '3D', 'FPS', 'Stealth', 'Shooter', ""Shoot 'Em Up"", 'Realistic']","PC, PlayStation, Xbox",Action
682600,Mortal Kombat 1,2023-09-19,1971870,mortal-kombat-1,49.99,1000000,34670,91839,69.097,Action,"NetherRealm Studios, QLOC",Warner Bros. Games,AAA,48700000,"['Action', 'Singleplayer', 'Multiplayer', 'Competitive', '2.5D', 'Gore', 'Fighting', '2D Fighter', 'Character Customization', 'Blood', 'Local Co-Op', 'Martial Arts', '3D', 'Arcade', 'Story Rich', 'Atmospheric', 'Violent', 'Horror', 'PvP', 'Mature']","PC, PlayStation, Xbox, Nintendo",Fighting
616367,The Walking Dead Betrayal,2023-09-14,1877320,the-walking-dead-betrayal,0.0,10770,349,4837,44.699,"Casual, Early Access",Other Ocean Interactive,"Other Ocean Group, Skybound Games","AA, Indie",143000,"['Casual', 'Multiplayer', 'Action-Adventure', 'Time Management', 'Character Customization', 'PvE', 'Crafting', 'Zombies', 'Post-apocalyptic', 'Team-Based', 'Lore-Rich', 'Social Deduction', '3D', 'Survival', 'Stealth', 'Exploration', 'Open World', 'Sandbox', 'Horror', 'PvP']",PC,Action
638694,Gunbrella,2023-09-13,1580180,gunbrella,14.99,24150,805,9382,86.211,"Action, Adventure",doinksoft,Devolver Digital,AA,270000,"['Action', 'Adventure', 'Indie', 'Singleplayer', 'Side Scroller', 'Controller', 'Action Roguelike', 'Noir', 'Combat', 'Metroidvania', '2D', 'Pixel Graphics', 'Platformer', 'Exploration', 'Story Rich', 'Funny', 'Difficult', 'Mature']","PC, Nintendo",Action
723899,NBA 2K24,2023-09-08,2338770,nba-2k24,59.99,1100000,43029,34052,30.886,"Simulation, Sports",Visual Concepts,2K,AAA,35900000,"['Simulation', 'Singleplayer', 'Multiplayer', 'Sports', 'Controller', 'Immersive Sim', 'Co-op', 'Online Co-Op', 'Character Customization', 'Local Multiplayer', 'Team-Based', 'Local Co-Op', 'eSports', 'Trading', 'Basketball', 'Gambling', '3D', 'Management', 'PvP', 'Realistic']","PC, PlayStation, Xbox, Nintendo",Sports
649810,Void Crew,2023-09-07,1063420,void-crew,24.99,186000,6193,53815,87.938,"Action, Adventure",Hutlihut Games,Focus Entertainment,AA,3000000,"['Action', 'Adventure', 'Indie', 'Multiplayer', 'Action-Adventure', 'Co-op', 'Flight', 'Space Sim', 'First-Person', 'Online Co-Op', 'Character Customization', 'PvE', 'Futuristic', 'Combat', '3D', 'Exploration', 'Roguelite', 'Space', 'Sci-fi', 'Colorful']",PC,Action
662225,Dokapon Kingdom Connect,2023-09-07,2338140,dokapon-kingdom-connect,49.99,19560,652,6586,89.11,"Action, Strategy, Casual, RPG","Compile Heart, Idea Factory, Sting",Idea Factory International,AA,644000,"['Strategy', 'Singleplayer', 'Casual', 'RPG', 'Multiplayer', '4 Player Local', 'Turn-Based Combat', 'Cartoon', 'Board Game', 'PvE', 'Magic', 'Turn-Based Strategy', 'Class-Based', '3D', 'Cartoony', 'Top-Down', 'Arcade', 'Fantasy', 'Family Friendly', 'PvP']","PC, Nintendo",Party
690430,Starfield,2023-09-06,1716740,starfield,69.99,4200000,164000,470000,56.822,RPG,Bethesda Game Studios,Bethesda Softworks,AAA,228900000,"['Action', 'Adventure', 'Singleplayer', 'RPG', 'Action-Adventure', 'Action RPG', 'Space Sim', 'First-Person', 'Moddable', 'Character Customization', 'Third-Person', 'Cinematic', 'Exploration', 'Open World', 'Story Rich', 'Space', 'Sci-fi', 'Atmospheric', 'Great Soundtrack', 'Realistic']","PC, Xbox",RPG
661736,Rune Factory 3 Special,2023-09-05,2243710,rune-factory-3-special,39.99,18990,633,8088,95.419,"Simulation, Casual, RPG",Marvelous Inc.,"Marvelous, Marvelous USA, Inc., XSEED Games","AA, Indie",540000,"['Action', 'Adventure', 'Simulation', 'Singleplayer', 'RPG', 'Action RPG', 'Agriculture', 'Crafting', 'Magic', 'Dating Sim', 'Fishing', 'Combat', 'Romance', 'Farming Sim', 'Creature Collector', '3D', 'JRPG', 'Fantasy', 'Story Rich', 'Cute']","PC, Nintendo",RPG
626166,ARMORED CORE VI FIRES OF RUBICON,2023-08-24,1888160,armored-core-vi-fires-of-rubicon,59.99,2300000,75418,209000,91.369,Action,FromSoftware,"Bandai Namco, FromSoftware",AAA,106900000,"['Action', 'Singleplayer', 'Multiplayer', 'Robots', 'Action-Adventure', 'Souls-like', 'Mechs', 'Character Customization', 'Military', 'Third-Person', 'Futuristic', 'Post-apocalyptic', 'Soundtrack', 'Combat', 'Vehicular Combat', '3D', 'Sci-fi', 'Atmospheric', 'Difficult', 'Fast-Paced']","PC, PlayStation, Xbox",Action
637120,Immortals of Aveum,2023-08-22,2009100,immortals-of-aveum,59.99,69300,2310,16066,70.606,"Action, Adventure",Ascendant Studios,Electronic Arts,AAA,2600000,"['Action', 'Adventure', 'Singleplayer', 'RPG', 'Action-Adventure', 'First-Person', 'Dragons', 'PvE', 'Magic', 'FPS', 'Shooter', 'Fantasy', 'Open World', 'Story Rich', 'Sci-fi', 'Atmospheric', 'Fast-Paced']","PC, PlayStation, Xbox",Action
617669,Madden NFL 24,2023-08-17,2140330,madden-nfl-24,0.0,257000,8577,6227,46.205,"Simulation, Strategy, Sports",Tiburon,Electronic Arts,AAA,11800000,"['Strategy', 'Simulation', 'Singleplayer', 'Multiplayer', 'Sports', 'Co-op', 'Local Multiplayer', 'Local Co-Op', 'PvP', 'Football (American)']","PC, PlayStation, Xbox",Sports
650761,Atlas Fallen,2023-08-09,1230530,atlas-fallen,39.99,96900,3230,39692,71.641,"Action, Adventure, RPG",Deck13,Focus Entertainment,AA,3100000,"['Action', 'Adventure', 'Singleplayer', 'RPG', 'Action-Adventure', 'Demons', 'Action RPG', 'Mystery', 'Online Co-Op', 'Loot', 'Magic', 'Cinematic', 'Supernatural', 'Narration', 'Combat', '3D', 'Female Protagonist', 'Exploration', 'Fantasy', 'Story Rich']","PC, PlayStation, Xbox",RPG
628152,F1 Manager 2023,2023-07-31,2287220,f1-manager-2023,54.99,93660,3121,10149,80.006,"Simulation, Strategy",Frontier Developments,Frontier Developments,AA,3600000,"['Strategy', 'Simulation', 'Singleplayer', 'Sports', 'Automobile Sim', 'Choices Matter', 'Racing', 'Economy', 'Driving', 'Immersive Sim', 'Time Management', 'PvE', 'Tactical', 'Team-Based', '3D', 'Base Building', 'Resource Management', 'Management', 'Family Friendly', 'Realistic']","PC, PlayStation, Xbox",Strategy
649925,Jagged Alliance 3,2023-07-14,1084160,jagged-alliance-3,44.99,379000,12617,62620,89.443,"Action, Strategy",Haemimont Games,THQ Nordic,AA,12800000,"['Strategy', 'Action', 'Singleplayer', 'RPG', 'Turn-Based Tactics', 'Classic', 'Co-op', 'Turn-Based Combat', 'Online Co-Op', 'Loot', 'Military', 'Tactical', 'Turn-Based Strategy', 'Co-op Campaign', 'Isometric', 'Strategy RPG', 'Tactical RPG', '3D', 'Turn-Based']","PC, PlayStation, Xbox",Strategy
656599,Exoprimal,2023-07-13,1286320,exoprimal,59.99,126000,4197,40031,69.073,Action,Capcom,Capcom,AAA,5300000,"['Action', 'Multiplayer', 'Robots', 'Mechs', 'Third-Person Shooter', 'Online Co-Op', 'Character Customization', 'PvE', 'Third-Person', 'Tactical', 'Futuristic', 'Destruction', 'Team-Based', 'Dinosaurs', '3D', 'Survival', 'FPS', 'Shooter', 'Sci-fi', 'PvP']","PC, PlayStation, Xbox",Action
627378,Atelier Marie Remake The Alchemist of Salburg,2023-07-13,2138090,atelier-marie-remake-the-alchemist-of-salburg,49.99,9840,328,10209,89.024,"Casual, RPG","KOEI TECMO GAMES CO., LTD.","KOEI TECMO GAMES CO., LTD.",AAA,369000,"['Adventure', 'Simulation', 'Singleplayer', 'Casual', 'RPG', 'Turn-Based Combat', 'Cartoon', 'Crafting', '2D', '3D', 'Female Protagonist', 'Turn-Based', 'Exploration', 'JRPG', 'Relaxing', 'Fantasy', 'Story Rich', 'Anime', 'Great Soundtrack', 'Cute']","PC, PlayStation, Nintendo",RPG
626290,AEW Fight Forever,2023-06-29,1913210,aew-fight-forever,39.99,47430,1581,7748,56.989,"Action, Sports",YUKE'S,"All Elite Wrestling, LLC, THQ Nordic","AA, Indie",1900000,"['Action', 'Singleplayer', 'Multiplayer', 'Sports', 'Controller', 'Co-op', 'Online Co-Op', 'Character Customization', 'Local Multiplayer', 'Team-Based', 'Local Co-Op', '3D Fighter', 'Wrestling', 'Combat', '3D', 'Arcade', 'Atmospheric', 'Violent', 'PvP', 'Realistic']","PC, PlayStation, Xbox, Nintendo",Sports
660988,STORY OF SEASONS A Wonderful Life,2023-06-27,2111170,story-of-seasons-a-wonderful-life,39.99,36000,1200,14275,78.5,"Simulation, Casual, RPG",Marvelous Inc.,"Marvelous, Marvelous Europe, XSEED Games","AA, Indie",1200000,"['Simulation', 'Singleplayer', 'Casual', 'RPG', 'Nature', 'Character Customization', 'Agriculture', 'Cats', 'Life Sim', 'Romance', 'Dog', 'Farming', 'Horses', 'Farming Sim', '3D', 'Relaxing', 'Cute', 'Family Friendly', 'Wholesome', 'Cozy']","PC, PlayStation, Xbox, Nintendo",RPG
655818,Aliens Dark Descent,2023-06-19,1150440,aliens-dark-descent,39.99,441000,14715,66836,88.637,"Action, Strategy",Tindalos Interactive,Focus Entertainment,AA,12600000,"['Strategy', 'Action', 'Singleplayer', 'Aliens', 'Top-Down Shooter', 'Action-Adventure', 'Dark', 'Tactical', 'Real Time Tactics', 'Isometric', 'Combat', '3D', 'Top-Down', 'Survival', 'RTS', 'Stealth', 'Space', 'Sci-fi', 'Violent', 'Horror']","PC, PlayStation, Xbox",RPG
676329,F1 23,2023-06-16,2108330,f1-23,69.99,521000,17357,35462,86.023,"Sports, Racing",Codemasters,Electronic Arts,AAA,22700000,"['Simulation', 'Singleplayer', 'Multiplayer', 'Competitive', 'Sports', 'Automobile Sim', 'Racing', 'Action-Adventure', 'Driving', 'Immersive Sim', 'VR', 'First-Person', 'PvE', 'Cinematic', '3D Platformer', 'eSports', '3D', 'Arcade', 'Relaxing', 'PvP']","PC, PlayStation, Xbox",Racing
661090,Loop8 Summer of Gods,2023-06-06,2127430,loop8-summer-of-gods,39.99,3150,105,3291,47.619,RPG,Marvelous Inc.,"Marvelous Europe, Marvelous USA, Inc., XSEED Games","AA, Indie",106000,"['Singleplayer', 'RPG', 'Choices Matter', 'Drama', 'Interactive Fiction', 'Dark', 'Time Management', 'Surreal', 'Dating Sim', 'Emotional', 'Time Manipulation', 'Conversation', 'Mythology', 'Narrative', 'JRPG', 'Fantasy', 'Story Rich', 'Anime', 'Atmospheric', 'Visual Novel']","PC, PlayStation, Xbox, Nintendo",RPG
718813,Street Fighter 6,2023-06-02,1364780,street-fighter-6,59.99,1600000,54139,134000,85.497,"Action, Adventure",Capcom,Capcom,AAA,68600000,"['Action', 'Adventure', 'Singleplayer', 'Multiplayer', 'Competitive', 'Controller', 'Action RPG', 'Fighting', '2D Fighter', 'Character Customization', 'Local Multiplayer', 'eSports', 'Martial Arts', '3D', 'Arcade', 'Open World', 'Sandbox', 'Anime', 'Great Soundtrack', 'PvP']","PC, PlayStation, Xbox",Fighting
672537,Super Mega Baseball 4,2023-06-02,1487210,super-mega-baseball-4,49.99,26880,896,2370,75.558,"Simulation, Sports",Metalhead Software Inc.,Electronic Arts,AAA,837000,"['Simulation', 'Singleplayer', 'Multiplayer', 'Sports', 'eSports', 'Baseball', 'Family Friendly', 'PvP']","PC, PlayStation, Xbox, Nintendo",Sports
625321,We Love Katamari REROLL Royal Reverie,2023-06-01,1730700,we-love-katamari-reroll-royal-reverie,29.99,60720,2024,8121,95.455,Action,MONKEYCRAFT Co. Ltd.,Bandai Namco,AAA,1100000,"['Action', 'Singleplayer', 'Controller', 'Third-Person', 'Surreal', 'Local Multiplayer', 'Cult Classic', '3D', 'Puzzle', 'Relaxing', 'Comedy', 'Space', 'Funny', 'Great Soundtrack', 'Cute', 'Colorful']","PC, PlayStation, Xbox, Nintendo",Arcade
729618,System Shock,2023-05-30,482400,system-shock,39.99,310000,10328,98031,91.325,"Action, Adventure",Nightdive Studios,Prime Matter,AA,8900000,"['Action', 'Adventure', 'Singleplayer', 'RPG', 'Immersive Sim', 'Gore', 'Kickstarter', 'First-Person', 'Survival Horror', 'Remake', 'Cyberpunk', 'Survival', 'FPS', 'Shooter', 'Story Rich', 'Space', 'Sci-fi', 'Atmospheric', 'Violent', 'Horror']","PC, PlayStation, Xbox",Action
639045,Railway Empire 2,2023-05-25,1644320,railway-empire-2,49.99,61560,2052,19197,72.417,"Simulation, Strategy",Gaming Minds Studios,Kalypso Media,AA,2400000,"['Strategy', 'Simulation', 'Singleplayer', 'Tutorial', 'Economy', 'Immersive Sim', 'Co-op', 'Trains', 'Historical', 'Crafting', 'Western', 'America', 'Transportation', 'Trading', 'Building', 'Exploration', 'City Builder', 'Resource Management', 'Management', 'Sandbox']","PC, PlayStation, Xbox, Nintendo",Strategy
703471,CONVERGENCE A League of Legends Story,2023-05-23,1276800,convergence-a-league-of-legends-story,29.99,28860,962,8327,90.229,"Action, Adventure",Double Stallion,Riot Forge,AAA,620000,"['Action', 'Adventure', 'Indie', 'Singleplayer', 'Stylized', '2D Platformer', 'Parkour', 'Time Manipulation', 'Combat', 'Metroidvania', '2D', 'Platformer', 'Exploration', 'Linear', 'Fantasy', 'Colorful']","PC, PlayStation, Xbox, Nintendo",Action
719292,LEGO 2K Drive,2023-05-19,1451810,lego-2k-drive,29.99,45300,1510,12550,62.517,Racing,Visual Concepts,2K,AAA,1500000,"['Sports', 'Racing', 'Offroad', 'Driving', 'Character Customization', 'PvE', 'Third-Person', 'LEGO', 'Combat Racing', '3D', 'Building', 'Arcade', 'Exploration', 'Open World', 'Comedy', 'Sandbox', 'Funny', 'Family Friendly', 'Colorful', 'PvP']","PC, PlayStation, Xbox, Nintendo",Racing
639163,Age of Wonders 4,2023-05-02,1669000,age-of-wonders-4,49.99,521000,17378,91954,81.442,Strategy,Triumph Studios,Paradox Interactive,AA,19700000,"['Strategy', 'Singleplayer', 'RPG', 'Multiplayer', 'Choices Matter', 'Co-op', 'Dwarf', 'Moddable', 'Character Customization', 'Grand Strategy', 'Magic', 'Turn-Based Strategy', 'Strategy RPG', 'Tactical RPG', 'Lore-Rich', 'Combat', 'Top-Down', '4X', 'Exploration', 'Fantasy']","PC, PlayStation, Xbox",Strategy
651133,Redfall,2023-05-02,1294810,redfall,39.99,75300,4448,43701,36.781,"Action, Adventure",Arkane Austin,Bethesda Softworks,AAA,3600000,"['Action', 'Adventure', 'Singleplayer', 'Multiplayer', 'Action-Adventure', 'Immersive Sim', 'Co-op', 'First-Person', 'Online Co-Op', 'Character Customization', 'Supernatural', 'Vampire', 'Combat', 'Female Protagonist', 'FPS', 'Stealth', 'Shooter', 'Fantasy', 'Open World', 'Story Rich']","PC, Xbox",Action
612407,Showgunners,2023-05-02,1155330,showgunners,29.99,44670,1489,11094,94.023,Strategy,Artificer,Good Shepherd Entertainment,AA,952000,"['Strategy', 'Singleplayer', 'Choices Matter', 'FMV', 'Turn-Based Tactics', 'Turn-Based Combat', 'Dark', 'Character Customization', 'PvE', 'Dystopian ', 'Tactical', 'Turn-Based Strategy', 'Real Time Tactics', 'Tactical RPG', 'Combat', ""1990's"", 'Top-Down', 'Exploration', 'Linear', 'Atmospheric']",PC,Strategy
639723,STAR WARS Jedi Survivor,2023-04-28,1774580,star-wars-jedi-survivor,69.99,1900000,62981,131000,68.403,"Action, Adventure",Respawn,Electronic Arts,AAA,93300000,"['Action', 'Adventure', 'Singleplayer', 'RPG', 'Multiplayer', 'Action-Adventure', 'Souls-like', 'Character Customization', 'Third-Person', 'Parkour', 'Swordplay', 'Combat', 'Exploration', 'Open World', 'Story Rich', 'Space', 'Sci-fi', 'Atmospheric', 'Difficult', 'Great Soundtrack']","PC, PlayStation, Xbox",Action
651759,Oddyssey Your Space Your Way,2023-04-25,1414230,oddyssey-your-space-your-way,0.0,840,28,1150,67.857,"Adventure, Early Access",Weird Fish,505 GAMES,AA,13437,"['Strategy', 'Adventure', 'Singleplayer', 'Inventory Management', 'Multiplayer', '1980s', 'Co-op', 'Cartoon', 'Online Co-Op', 'Character Customization', 'Futuristic', 'Post-apocalyptic', 'Building', 'Survival', 'Exploration', 'Comedy', 'Space', 'Retro', 'Funny', 'Atmospheric']",PC,Simulation
720207,Stray Blade,2023-04-20,1621990,stray-blade,19.99,14520,483,9899,74.327,"Action, Adventure, RPG",Point Blank Games,505 GAMES,AA,325000,"['Action', 'Adventure', 'Singleplayer', 'Controller', 'Action-Adventure', 'Action RPG', 'Mystery', 'Souls-like', 'Character Customization', 'Hack and Slash', 'Third-Person', 'Combat', 'Metroidvania', '3D', 'Exploration', 'Fantasy', 'Comedy', 'Difficult', 'Violent', 'Colorful']","PC, PlayStation, Xbox",RPG
626389,Minecraft Legends,2023-04-18,1928870,minecraft-legends,39.99,80490,2684,30059,58.532,"Action, Strategy","Blackbird Interactive, Mojang Studios",Xbox Game Studios,AAA,2500000,"['Strategy', 'Action', 'Adventure', 'Singleplayer', 'Multiplayer', 'Tutorial', 'Controller', 'Psychological Horror', 'Co-op', 'Online Co-Op', 'Character Customization', 'Tactical', 'Co-op Campaign', 'Isometric', 'Combat', 'RTS', 'Fantasy', 'Open World', 'Family Friendly', 'PvP']","PC, PlayStation, Xbox, Nintendo",Strategy
625025,EA SPORTS PGA TOUR,2023-04-07,1677350,ea-sports-pga-tour,69.99,61590,2054,4241,52.629,"RPG, Sports",Electronic Arts,Electronic Arts,AAA,2800000,"['RPG', 'Multiplayer', 'Sports', 'Co-op', 'Online Co-Op', 'Local Multiplayer', 'Local Co-Op', 'Golf']","PC, PlayStation, Xbox",Sports
726583,Melon Journey Bittersweet Memories,2023-04-06,1074030,melon-journey-bittersweet-memories,14.99,6810,227,2124,91.189,"Adventure, Casual",Froach Club,"Poppy Works, XSEED Games","AA, Indie",66551,"['Adventure', 'Casual', 'Pixel Graphics', 'Retro', 'Cute']","PC, PlayStation, Xbox, Nintendo",Adventure
617187,Resident Evil 4,2023-03-24,2050650,resident-evil-4,39.99,4700000,173000,256000,97.683,"Action, Adventure",Capcom,Capcom,AAA,187900000,"['Action', 'Adventure', 'Singleplayer', 'Action-Adventure', 'VR', 'Gore', 'Psychological Horror', 'Dark', 'Third-Person Shooter', 'Third-Person', 'Survival Horror', 'Zombies', 'Remake', 'Cinematic', 'Survival', 'Resource Management', 'Story Rich', 'Violent', 'Horror', 'Realistic']","PC, PlayStation, Xbox, Mobile",Action
640928,Atelier Ryza 3 Alchemist of the End  the Secret Key,2023-03-24,1999770,atelier-ryza-3-alchemist-of-the-end-the-secret-key,59.99,59580,1986,27667,91.44,"Adventure, Simulation, Casual, RPG","KOEI TECMO GAMES CO., LTD.","KOEI TECMO GAMES CO., LTD.",AAA,2700000,"['Action', 'Adventure', 'Simulation', 'Singleplayer', 'Casual', 'RPG', 'Turn-Based Combat', 'Emotional', 'Lore-Rich', 'Collectathon', 'Female Protagonist', 'Puzzle', 'Exploration', 'JRPG', 'Open World', 'Story Rich', 'Anime', 'Cute', 'Colorful', 'Sexual Content']","PC, PlayStation, Nintendo",RPG
